objtype,keyspace,name,size,WRUPerRec,rowsPerWRU,rowsPerRRU,rowsSizeWarning,columns
KEYSPACE,GT,null,,,,,,
TABLE,GT,GTDTOB3,993,1,1,4,true,54
KEYSPACE,OBK_DG,null,,,,,,
TABLE,OBK_DG,OBK_DE_PARA,100,1,10,40,,4
KEYSPACE,OBK_BG,null,,,,,,
TABLE,OBK_BG,ACCOUNTS_BALANCES_OLIMITS_2,25,1,40,160,,1
TABLE,OBK_BG,ACCOUNTS_BALANCES_OLIMITS_FAIL,108,1,9,37,,5
TABLE,OBK_BG,ST_BGDT203,79,1,12,50,,4
TABLE,OBK_BG,OBK_ACCOUNTS_FAIL,158,1,6,25,,7
TABLE,OBK_BG,ACCOUNTS_TRANSACTIONS_V2,241,1,4,16,,12
TABLE,OBK_BG,LOAN_PAYMENTS,370.125,1,2,10,,20
TABLE,OBK_BG,UNARRANGED_SCHEDULED_INSTALMENTS,274,1,3,14,,16
TABLE,OBK_BG,LOAN_CONTRACTS_V2,857,1,1,4,true,41
TABLE,OBK_BG,OBK_ACCOUNTS,358,1,2,11,,15
INDEX,ACCOUNTS_BY_CUSTOMERID,null,,,,,,
MATERIALIZED VIEW,OBK_BG,ACCOUNTS_BY_CUSTOMERID_INDEX,,,,,,
TABLE,OBK_BG,UNARRANGED_PAYMENTS,370.125,1,2,10,,20
TABLE,OBK_BG,LOAN_CONTRACTS,986,1,1,4,true,47
TABLE,OBK_BG,UNARRANGED_CONTRACTS,961,1,1,4,true,46
TABLE,OBK_BG,ACCOUNTS_BALANCES_OLIMITS_ERROR_V2,58,1,17,68,,3
TABLE,OBK_BG,ACCOUNTS_TRANSACTIONS,341,1,2,11,,16
TABLE,OBK_BG,OBK_ACCOUNTS_V2,358,1,2,11,,15
INDEX,ACCOUNTS_BY_CUSTOMERID_V2,null,,,,,,
MATERIALIZED VIEW,OBK_BG,ACCOUNTS_BY_CUSTOMERID_V2_INDEX,,,,,,
TABLE,OBK_BG,LOAN_PAYMENTS_V2,345.125,1,2,11,,19
TABLE,OBK_BG,UNARRANGED_PAYMENTS_V2,345.125,1,2,11,,19
TABLE,OBK_BG,OBK_ACCOUNTS_FAIL_V2,158,1,6,25,,7
TABLE,OBK_BG,DE_PARA,100,1,10,40,,4
TABLE,OBK_BG,ACCOUNTS_BALANCES_OLIMITS_FAIL_2,58,1,17,68,,3
TABLE,OBK_BG,UNARRANGED_CONTRACTS_V2,961,1,1,4,true,46
TABLE,OBK_BG,ACCOUNTS_BALANCES_OLIMITS_CONTROL,58,1,17,68,,3
TABLE,OBK_BG,ACCOUNTS_BALANCES_OLIMITS_CONTROL_2,58,1,17,68,,3
TABLE,OBK_BG,LOAN_SCHEDULED_INSTALMENTS_V2,274,1,3,14,,16
TABLE,OBK_BG,ACCOUNTS_BALANCES_OLIMITS_CONTROL_V2,58,1,17,68,,3
TABLE,OBK_BG,ACCOUNTS_BALANCES_OLIMITS_ERROR,58,1,17,68,,3
TABLE,OBK_BG,LOAN_SCHEDULED_INSTALMENTS,274,1,3,14,,16
TABLE,OBK_BG,BRAND_INFO,25,1,40,160,,1
TABLE,OBK_BG,ACCOUNTS_BALANCES_OLIMITS_V2,25,1,40,160,,1
TABLE,OBK_BG,ACCOUNTS_BALANCES_OLIMITS,25,1,40,160,,1
TABLE,OBK_BG,UNARRANGED_SCHEDULED_INSTALMENTS_V2,274,1,3,14,,16
KEYSPACE,BCL_EXTRATO,null,,,,,,
TABLE,BCL_EXTRATO,BGDTHDP,441,1,2,9,,20
TABLE,BCL_EXTRATO,BGDTPEN,1010,2,,3,true,52
TABLE,BCL_EXTRATO,BGDTMFU,432,1,2,9,,23
TABLE,BCL_EXTRATO,CRONOSDATASLA,106,1,9,37,,9
KEYSPACE,BCL_PE,null,,,,,,
TABLE,BCL_PE,PEDT008,457,1,2,8,,22
KEYSPACE,OBK_YD,null,,,,,,
TABLE,OBK_YD,DESCONTOS_WARRANTIES,175,1,5,22,,7
TABLE,OBK_YD,DESCONTOS_PAYMENTS,179,1,5,22,,8
TABLE,OBK_YD,DESCONTOS_INSTALMENTS_BALLOON_PAYMENTS,133,1,7,30,,7
TABLE,OBK_YD,DESCONTOS_CONTRACTS_FINANCE_CHARGES,150,1,6,26,,6
TABLE,OBK_YD,DESCONTOS_CONTRACTS_CONTRACTED_FEES,225,1,4,17,,9
TABLE,OBK_YD,OBK_BRANDINFO,25,1,40,160,,1
TABLE,OBK_YD,DESCONTOS_PAYMENTS_CHARGE,204,1,4,19,,9
TABLE,OBK_YD,DESCONTOS_CONTRACTS_INTEREST_RATES,300,1,3,13,,12
TABLE,OBK_YD,DESCONTOS_CONTRACTS,416,1,2,9,,20
TABLE,OBK_YD,DESCONTOS_SCHEDULED_INSTALMENTS,145,1,6,27,,10
TABLE,OBK_YD,OBK_DE_PARA,100,1,10,40,,4
TABLE,OBK_YD,LOGERRORCONTRACTSTREAMING,25,1,40,160,,1
TABLE,OBK_YD,DESCONTOS_PAYMENTS_RELEASES,204.125,1,4,19,,10
TABLE,OBK_YD,DESCONTOS_PAYMENTS_FEE,204,1,4,19,,9
KEYSPACE,BCL_BG,null,,,,,,
TABLE,BCL_BG,BGDTCNT,25,1,40,160,,1
TABLE,BCL_BG,BGDTMAE,2223,3,,1,true,140
TABLE,BCL_BG,BGDTCOO,25,1,40,160,,1
TABLE,BCL_BG,BGDTOBS,237,1,4,16,,11
TABLE,BCL_BG,BGDTPRO,1653,2,,2,true,71
KEYSPACE,OBK_CGN,null,,,,,,
TABLE,OBK_CGN,RSM_EMP_CGN_CONTRACTS,66,1,15,60,,5
TABLE,OBK_CGN,RSM_CRD_CAR_BILLS,45,1,22,88,,5
TABLE,OBK_CGN,OBK_DE_PARA,100,1,10,40,,4
TABLE,OBK_CGN,RSM_OBK,90,1,11,44,,11
TABLE,OBK_CGN,RSM_EMP_CGN_INSTALMENTS,53,1,18,75,,7
TABLE,OBK_CGN,OBK_CTR_CRG_CSG,25,1,40,160,,1
TABLE,OBK_CGN,RSM_EMP_CSG_INSTALMENTS,53,1,18,75,,7
TABLE,OBK_CGN,RSM_EMP_CSG_CONTRACTS,66,1,15,60,,5
TABLE,OBK_CGN,RSM_CRD_CAR_LIST,87,1,11,45,,5
TABLE,OBK_CGN,RSM_CRD_CAR_LIMITS,49,1,20,81,,6
TABLE,OBK_CGN,RSM_CRD_CAR_TRANSACTIONS,70,1,14,57,,6
TABLE,OBK_CGN,RSM_EMP_CGN_PAYMENTS,49,1,20,81,,6
TABLE,OBK_CGN,RSM_EMP_CSG_PAYMENTS,49,1,20,81,,6
KEYSPACE,OBK_IX,null,,,,,,
TABLE,OBK_IX,OBK_DE_PARA,100,1,10,40,,4
KEYSPACE,STPES,null,,,,,,
TABLE,STPES,CADEIA_SOCIETARIA_ONLINE,25,1,40,160,,1
TABLE,STPES,CADEIA_SOCIETARIA,606,1,1,6,true,32
INDEX,IDX_PENUMPRI,null,,,,,,
MATERIALIZED VIEW,STPES,IDX_PENUMPRI_INDEX,,,,,,
KEYSPACE,DG,null,,,,,,
TABLE,DG,DG044_CET_LIBE,44,1,22,90,,11
KEYSPACE,TC,null,,,,,,
TABLE,TC,TCDTGEN,191,1,5,20,,9
INDEX,GEN_TABLA,null,,,,,,
MATERIALIZED VIEW,TC,GEN_TABLA_INDEX,,,,,,
KEYSPACE,LY,null,,,,,,
TABLE,LY,TP59_OPR_INA_WLY,229,1,4,17,,64
TABLE,LY,TP61,119,1,8,33,,11
TABLE,LY,TP67_ACO_WLY,422,1,2,9,,51
TABLE,LY,LYCE0205,438,1,2,9,,31
TABLE,LY,TP75_OPR_ACO_WLY,62,1,16,64,,18
TABLE,LY,TP77_GRA_OPR_WLY,47,1,21,85,,9
TABLE,LY,TP76_PRC_ACO_WLY,155,1,6,25,,26
TABLE,LY,TP78_PGT_PRC_WLY,56,1,17,71,,17
TABLE,LY,TP73_LNC_OPR_WLY,136,1,7,29,,16
TABLE,LY,TP69_CAD_IOF_WLY,294,1,3,13,,46
KEYSPACE,BG,null,,,,,,
TABLE,BG,BGDTRTS,644,1,1,6,true,34
TABLE,BG,BGDTAUX,2250,3,,1,true,173
TABLE,BG,BGDTLIM,249,1,4,16,,14
TABLE,BG,BGDTHJU,705,1,1,5,true,44
TABLE,BG,BGDT189,745,1,1,5,true,33
TABLE,BG,BGDT181,399,1,2,10,,20
TABLE,BG,BGDT180,25,1,40,160,,1
KEYSPACE,JX,null,,,,,,
TABLE,JX,JXDTTPR,850,1,1,4,true,54
TABLE,JX,JXDTTAR,1271,2,,3,true,70
KEYSPACE,SCYLLA_MANAGER,null,,,,,,
KEYSPACE,OBK_PE,null,,,,,,
TABLE,OBK_PE,PEDT023_PHONES,208.125,1,4,19,,10
TABLE,OBK_PE,PEDT001_OTHERSNACIONALITIES,208,1,4,19,,9
TABLE,OBK_PE,VALID_PRODUCTS,25,1,40,160,,1
TABLE,OBK_PE,PEDT_PF_RELATIONSHIP,25,1,40,160,,1
TABLE,OBK_PE,PEDT036_INCOME,162,1,6,24,,8
TABLE,OBK_PE,PEDT_PJ_RELATIONSHIP_V2,25,1,40,160,,1
TABLE,OBK_PE,PEDT150_OTHERSDOCUMENTS,212,1,4,18,,10
TABLE,OBK_PE,PEDT_PF_RELATIONSHIP_V2_BACKUP,25,1,40,160,,1
TABLE,OBK_PE,PEDT_PJ_QUALIFICATION_V2,25,1,40,160,,1
TABLE,OBK_PE,OBK_BRANDINFO,25,1,40,160,,1
TABLE,OBK_PE,PEDT_LAST_UPDATE_IDENTIFICATION,58,1,17,68,,3
TABLE,OBK_PE,FEP_LAST_UPDATE,25,1,40,160,,1
TABLE,OBK_PE,PEDT_PF_RELATIONSHIP_V2,25,1,40,160,,1
TABLE,OBK_PE,FEP,283,1,3,14,,12
INDEX,NR_SEQU_PESS_UNIC_INDEX,null,,,,,,
INDEX,NR_SEQU_RPRE_GRUP_INDEX,null,,,,,,
INDEX,NR_SEQU_DOCT_INDEX,null,,,,,,
INDEX,NR_SEQU_GRUP_INDEX,null,,,,,,
MATERIALIZED VIEW,OBK_PE,NR_SEQU_RPRE_GRUP_INDEX_INDEX,,,,,,
MATERIALIZED VIEW,OBK_PE,NR_SEQU_GRUP_INDEX_INDEX,,,,,,
MATERIALIZED VIEW,OBK_PE,NR_SEQU_PESS_UNIC_INDEX_INDEX,,,,,,
MATERIALIZED VIEW,OBK_PE,NR_SEQU_DOCT_INDEX_INDEX,,,,,,
TABLE,OBK_PE,PEDT150_DOC,108,1,9,37,,5
TABLE,OBK_PE,PEDT_PF_QUALIFICATION_V2,25,1,40,160,,1
TABLE,OBK_PE,PEDT005_REVENUE,137,1,7,29,,7
TABLE,OBK_PE,PEDT_LAST_UPDATE_RELATIONSHIP,58,1,17,68,,3
TABLE,OBK_PE,PEDT007_PARTIES,137,1,7,29,,7
TABLE,OBK_PE,PEDT002_FILIATION,133,1,7,30,,6
TABLE,OBK_PE,PEDT_PJ_IDENTIFICATION,25,1,40,160,,1
TABLE,OBK_PE,PEDT205_PATRIMONY,87,1,11,45,,5
TABLE,OBK_PE,PEDT003_ADDRESSES,333.125,1,3,12,,15
TABLE,OBK_PE,PEDT003_EMAILS,83.125,1,12,48,,5
TABLE,OBK_PE,PEDT_PF_IDENTIFICATION_V2,25,1,40,160,,1
INDEX,ID_IDENTIFICATION,null,,,,,,
MATERIALIZED VIEW,OBK_PE,ID_IDENTIFICATION_INDEX,,,,,,
TABLE,OBK_PE,PEDT_PJ_QUALIFICATION,25,1,40,160,,1
TABLE,OBK_PE,PEDT_OBK_DE_PARA,100,1,10,40,,4
TABLE,OBK_PE,VALID_INCOMES,25,1,40,160,,1
TABLE,OBK_PE,PEDT_PF_QUALIFICATION,25,1,40,160,,1
TABLE,OBK_PE,PEDT150_PASSPORT,116,1,8,34,,7
TABLE,OBK_PE,PEDT002_OCCUPATION,108,1,9,37,,5
TABLE,OBK_PE,PEDT_PJ_RELATIONSHIP,25,1,40,160,,1
TABLE,OBK_PE,PEDT001_NAME,287,1,3,13,,13
TABLE,OBK_PE,PEDT_PJ_IDENTIFICATION_V2,25,1,40,160,,1
TABLE,OBK_PE,PEDT_PF_IDENTIFICATION,25,1,40,160,,1
TABLE,OBK_PE,PEDT_LAST_UPDATE_QUALIFICATION,58,1,17,68,,3
TABLE,OBK_PE,PEDT008_PRODUCTS,116,1,8,34,,7
KEYSPACE,OBK_MP,null,,,,,,
TABLE,OBK_MP,CREDITCARDACCOUNTSTRANSACTIONS,549,1,1,7,true,26
TABLE,OBK_MP,CREDITCARDACCOUNTSIDENTIFICATION_V2,383.125,1,2,10,,17
TABLE,OBK_MP,CREDITCARD_BILLS_012_CONTROL,95,1,10,42,,7
TABLE,OBK_MP,CREDITCARDACCOUNTSBILLSFINANCECHARGES,274.125,1,3,14,,16
TABLE,OBK_MP,TIPOFAC,233,1,4,17,,11
TABLE,OBK_MP,OUTBOUND_ERROR,241,1,4,16,,12
TABLE,OBK_MP,CREDITCARDACCOUNTSBILLSPAYMENTS,303.125,1,3,13,,18
TABLE,OBK_MP,CREDITCARDACCOUNTSLIMITS,320.125,1,3,12,,17
TABLE,OBK_MP,OUTBOUND_SUCESSO,187,1,5,21,,9
TABLE,OBK_MP,METRICAS,120,1,8,33,,7
TABLE,OBK_MP,CONTROLE_LOGS,208,1,4,19,,9
TABLE,OBK_MP,CONTROLE_FLAG_APP,25,1,40,160,,1
TABLE,OBK_MP,CONECO,25,1,40,160,,1
TABLE,OBK_MP,OUTBOUND,237,1,4,16,,11
TABLE,OBK_MP,CONTROLE_ROLLOUT_PAYLOAD,166,1,6,24,,8
TABLE,OBK_MP,CURRENCY_CODE,25,1,40,160,,1
TABLE,OBK_MP,CREDITCARDACCOUNTSIDENTIFICATION,358.125,1,2,11,,16
KEYSPACE,JU,null,,,,,,
TABLE,JU,JUBP1260,2845,3,,1,true,160
KEYSPACE,OBK_UG,null,,,,,,
TABLE,OBK_UG,PEDT008_AVALISTAS,150,1,6,26,,6
TABLE,OBK_UG,PEDT008_TITULARES,100,1,10,40,,4
TABLE,OBK_UG,OBK_DE_PARA,100,1,10,40,,4
KEYSPACE,YD,null,,,,,,
TABLE,YD,YDDT126,4,1,250,1000,,1
TABLE,YD,YDDT120,35,1,28,114,,4
TABLE,YD,YDDT207,86,1,11,46,,13
TABLE,YD,YDDT128,145,1,6,27,,22
MATERIALIZED VIEW,YD,YDDT128_CKEY,,,,,,
TABLE,YD,YDDT154,172,1,5,23,,23
MATERIALIZED VIEW,YD,YDDT154_CKEY,,,,,,
TABLE,YD,YDDT153,421,1,2,9,,39
MATERIALIZED VIEW,YD,YDDT153_CKEY,,,,,,
TABLE,YD,YDDT111,4,1,250,1000,,1
TABLE,YD,YDDT115,215,1,4,18,,28
TABLE,YD,YDDT232,207,1,4,19,,13
MATERIALIZED VIEW,YD,YDDT232_CKEY,,,,,,
KEYSPACE,JM,null,,,,,,
TABLE,JM,JMDT136,25,1,40,160,,1
TABLE,JM,JMDT004,1250,2,,3,true,91
TABLE,JM,JMDT076,133,1,7,30,,6
TABLE,JM,JMDT078,25,1,40,160,,1
TABLE,JM,JMDT109,386,1,2,10,,22
TABLE,JM,JMDT121,25,1,40,160,,1
TABLE,JM,JMDT110,25,1,40,160,,1
TABLE,JM,JMDT021,306,1,3,13,,23
KEYSPACE,BCL_CRONOS,null,,,,,,
TABLE,BCL_CRONOS,INGESTIONTIME,83,1,12,48,,4
TABLE,BCL_CRONOS,SPARK_MONITORING,25,1,40,160,,1
TABLE,BCL_CRONOS,OBK_METRICS_BASELINE,25,1,40,160,,1
TABLE,BCL_CRONOS,CTRLMETRICS,104,1,9,38,,5
TABLE,BCL_CRONOS,ALERTSMETRICLOG,116,1,8,34,,6
TABLE,BCL_CRONOS,CTRLDEVICES,150,1,6,26,,6
TABLE,BCL_CRONOS,TB_GENE_MAPA,100,1,10,40,,3
TABLE,BCL_CRONOS,DATAMETRICS,140,1,7,28,,9
TABLE,BCL_CRONOS,TB_RELA_CLIE_PENU,100,1,10,40,,4
TABLE,BCL_CRONOS,TB_DTLH_MOBI,183,1,5,21,,7
TABLE,BCL_CRONOS,ALERTSFLOWLOG,116,1,8,34,,6
TABLE,BCL_CRONOS,TB_EVEN,291,1,3,13,,13
TABLE,BCL_CRONOS,SEVERITY,25,1,40,160,,1
KEYSPACE,BCL_MP,null,,,,,,
KEYSPACE,UG,null,,,,,,
TABLE,UG,UGDTMAE,5071,6,,,true,348
TABLE,UG,UGDTLIQ,458,1,2,8,,19
TABLE,UG,UGDT229,575,1,1,6,true,43
TABLE,UG,UGDTMRC,573,1,1,6,true,32
TABLE,UG,UGDT131,366,1,2,10,,17
TABLE,UG,UGDTADE,2240,3,,1,true,118
TABLE,UG,UGDTRVC,518,1,1,7,true,34
TABLE,UG,UGDT246,252,1,3,15,,19
TABLE,UG,UGDTMTA,744,1,1,5,true,38
TABLE,UG,UGDTLQE,327,1,3,12,,23
INDEX,IDX_CUENTA_LQE,null,,,,,,
MATERIALIZED VIEW,UG,IDX_CUENTA_LQE_INDEX,,,,,,
TABLE,UG,UGDTDRB,2428,3,,1,true,186
TABLE,UG,UGDTADS,2302,3,,1,true,123
TABLE,UG,UGDTIDX,562,1,1,7,true,24
TABLE,UG,UGDT201,502,1,1,7,true,30
TABLE,UG,UGDTREC,1951,2,,2,true,135
TABLE,UG,UGDTMVR,1735,2,,2,true,102
INDEX,CUENTA_INDEX,null,,,,,,
INDEX,OFICINA_INDEX,null,,,,,,
MATERIALIZED VIEW,UG,OFICINA_INDEX_INDEX,,,,,,
MATERIALIZED VIEW,UG,CUENTA_INDEX_INDEX,,,,,,
MATERIALIZED VIEW,UG,UGDTMVR_02,,,,,,
TABLE,UG,UGDTMOV,1068,2,,3,true,56
INDEX,CUENTA_INDEX_MOV,null,,,,,,
MATERIALIZED VIEW,UG,CUENTA_INDEX_MOV_INDEX,,,,,,
TABLE,UG,UGDTLQS,818,1,1,4,true,46
TABLE,UG,UGDTRCT,1951,2,,2,true,135
TABLE,UG,UGDTPRO,3217,4,,1,true,168
TABLE,UG,UGDT196,374,1,2,10,,19
KEYSPACE,MP_TEST,null,,,,,,
KEYSPACE,PE,null,,,,,,
TABLE,PE,PEDT151,187,1,5,21,,9
TABLE,PE,PEDT205,220,1,4,18,,12
TABLE,PE,PEDT028,470,1,2,8,,22
TABLE,PE,PEDT052,212,1,4,18,,10
TABLE,PE,PEDT001,1232,2,,3,true,55
TABLE,PE,PEDT002,715,1,1,5,true,36
TABLE,PE,PEDT003,674,1,1,5,true,31
TABLE,PE,PEDT005,510,1,1,7,true,32
TABLE,PE,PEDT007,270,1,3,14,,14
TABLE,PE,PEDT008,449,1,2,8,,22
MATERIALIZED VIEW,PE,MV_EMPRESTIMO_PEDT008,,,,,,
TABLE,PE,PEDT023,345,1,2,11,,17
TABLE,PE,PEDT150,445,1,2,8,,21
MATERIALIZED VIEW,PE,VM_PEDT150_PECDGENT,,,,,,
MATERIALIZED VIEW,PE,MV_EMPRESTIMO_PEDT150,,,,,,
TABLE,PE,PEDT036,299,1,3,13,,16
KEYSPACE,PIX_SPI,null,,,,,,
TYPE,PIX_SPI,PIX_DEVOLUCAO,166,1,6,24,,10
TYPE,PIX_SPI,PIX_INFO_ADICIONAIS,62,1,16,64,,4
TABLE,PIX_SPI,FIAFOA,2419,3,,1,true,151
MATERIALIZED VIEW,PIX_SPI,FIAFOA_QRCODE,,,,,,
TABLE,PIX_SPI,PIX_COBRANCA_DEVOLUCAO,25,1,40,160,,1
TABLE,PIX_SPI,PZDT004,25,1,40,160,,1
MATERIALIZED VIEW,PIX_SPI,PZDT004_CDRAST,,,,,,
TABLE,PIX_SPI,PIX_COBRANCA,,,,,,108
INDEX,IDX_CD_RAST_PGTO,null,,,,,,
INDEX,IDX_CD_TRAN_RECB,null,,,,,,
INDEX,IDX_NR_CPF_CNPJ_EMIS,null,,,,,,
MATERIALIZED VIEW,PIX_SPI,IDX_NR_CPF_CNPJ_EMIS_INDEX,,,,,,
MATERIALIZED VIEW,PIX_SPI,PIX_COBRANCA_BY_EMIS,,,,,,
MATERIALIZED VIEW,PIX_SPI,IDX_CD_TRAN_RECB_INDEX,,,,,,
MATERIALIZED VIEW,PIX_SPI,IDX_CD_RAST_PGTO_INDEX,,,,,,
MATERIALIZED VIEW,PIX_SPI,PIX_COBRANCA_BY_E2E,,,,,,
TABLE,PIX_SPI,PZDT014,25,1,40,160,,1
TABLE,PIX_SPI,PZDT015,237,1,4,16,,11
TABLE,PIX_SPI,PZDTFIAFOA,25,1,40,160,,1
TABLE,PIX_SPI,PZDTFIBFOB,25,1,40,160,,1
KEYSPACE,OBK_VS,null,,,,,,
TABLE,OBK_VS,OBK_DE_PARA,100,1,10,40,,4
KEYSPACE,OBK_MI,null,,,,,,
TABLE,OBK_MI,IMOB_API_LOANS_ENTITY,708,1,1,5,true,29
TABLE,OBK_MI,IMOB_API_FINANCINGS_PAYMENTS,158,1,6,25,,7
TABLE,OBK_MI,IMOB_LOANS_CONTRACT,25,1,40,160,,1
TABLE,OBK_MI,IMOB_LOANS_CONTRACTED_FEE,183,1,5,21,,8
TABLE,OBK_MI,IMOB_FINANCINGS_WARRANTY_PF,25,1,40,160,,1
TABLE,OBK_MI,IMOB_FINANCINGS_CONTRACT_INTEREST_RATE_PJ,25,1,40,160,,1
TABLE,OBK_MI,IMOB_FINANCINGS_WARRANTY,25,1,40,160,,1
TABLE,OBK_MI,IMOB_API_LOANS_WARRANTIES,233,1,4,17,,10
TABLE,OBK_MI,IMOB_FINANCINGS_CONTRACT_INTEREST_RATE_PF,25,1,40,160,,1
TABLE,OBK_MI,IMOB_FINANCINGS_WARRANTY_PJ,25,1,40,160,,1
TABLE,OBK_MI,IMOB_RESOURCES,333,1,3,12,,14
TABLE,OBK_MI,IMOB_FINANCINGS_FINANCE_CHARGE,25,1,40,160,,1
TABLE,OBK_MI,IMOB_API_FINANCINGS_ENTITY,708,1,1,5,true,29
TABLE,OBK_MI,IMOB_FINANCINGS_PAYMENTS,25,1,40,160,,1
TABLE,OBK_MI,IMOB_LOANS_INSTALMENTS_PF,25,1,40,160,,1
TABLE,OBK_MI,IMOB_LOANS_WARRANTY_PJ,25,1,40,160,,1
TABLE,OBK_MI,IMOB_LOANS_INSTALMENTS_PJ,25,1,40,160,,1
TABLE,OBK_MI,IMOB_LOANS_WARRANTY_PF,25,1,40,160,,1
TABLE,OBK_MI,IMOB_LOANS_CONTRACT_INTEREST_RATE_PJ,25,1,40,160,,1
TABLE,OBK_MI,IMOB_LOANS_CONTRACTED_FEE_PJ,708,1,1,5,true,29
TABLE,OBK_MI,IMOB_LOANS_PAYMENTS,25,1,40,160,,1
TABLE,OBK_MI,IMOB_RESOURCES_PJ,658,1,1,6,true,27
TABLE,OBK_MI,IMOB_FINANCINGS_RELEASES_PJ,733,1,1,5,true,30
TABLE,OBK_MI,IMOB_LOANS_INSTALMENTS,25,1,40,160,,1
TABLE,OBK_MI,IMOB_LOANS_CONTRACTED_FEE_PF,508,1,1,7,true,21
TABLE,OBK_MI,IMOB_API_LOANS_SCHEDULED_INSTALMENTS,158,1,6,25,,7
TABLE,OBK_MI,IMOB_LOANS_RELEASES,358,1,2,11,,15
TABLE,OBK_MI,IMOB_RESOURCES_PF,658,1,1,6,true,27
TABLE,OBK_MI,IMOB_FINANCINGS_CONTRACTED_FEE,183,1,5,21,,8
TABLE,OBK_MI,IMOB_LOANS_FINANCE_CHARGE_PJ,25,1,40,160,,1
TABLE,OBK_MI,IMOB_LOANS_FINANCE_CHARGE,25,1,40,160,,1
TABLE,OBK_MI,IMOB_FINANCINGS_INSTALMENTS,25,1,40,160,,1
TABLE,OBK_MI,IMOB_FINANCINGS_PAYMENTS_PJ,25,1,40,160,,1
TABLE,OBK_MI,IMOB_FINANCINGS_CONTRACT_INTEREST_RATE,25,1,40,160,,1
TABLE,OBK_MI,IMOB_LOANS_RELEASES_PF,733,1,1,5,true,30
TABLE,OBK_MI,IMOB_FINANCINGS_RELEASES_PF,733,1,1,5,true,30
TABLE,OBK_MI,IMOB_FINANCINGS_FINANCE_CHARGE_PF,25,1,40,160,,1
TABLE,OBK_MI,IMOB_LOANS_WARRANTY,25,1,40,160,,1
TABLE,OBK_MI,IMOB_FINANCINGS_FINANCE_CHARGE_PJ,25,1,40,160,,1
TABLE,OBK_MI,IMOB_LOANS_RELEASES_PJ,733,1,1,5,true,30
TABLE,OBK_MI,IMOB_LOANS_FINANCE_CHARGE_PF,25,1,40,160,,1
TABLE,OBK_MI,IMOB_LOANS_CONTRACT_INTEREST_RATE,25,1,40,160,,1
TABLE,OBK_MI,IMOB_FINANCINGS_CONTRACT,25,1,40,160,,1
TABLE,OBK_MI,IMOB_API_FINANCINGS_WARRANTIES,233,1,4,17,,10
TABLE,OBK_MI,IMOB_FINANCINGS_RELEASES,358,1,2,11,,15
TABLE,OBK_MI,IMOB_FINANCINGS_INSTALMENTS_PF,25,1,40,160,,1
TABLE,OBK_MI,IMOB_LOANS_CONTRACT_PJ,25,1,40,160,,1
TABLE,OBK_MI,IMOB_LOANS_CONTRACT_INTEREST_RATE_PF,25,1,40,160,,1
TABLE,OBK_MI,IMOB_FINANCINGS_INSTALMENTS_PJ,25,1,40,160,,1
TABLE,OBK_MI,IMOB_LOANS_CONTRACT_PF,25,1,40,160,,1
TABLE,OBK_MI,IMOB_API_FINANCINGS_SCHEDULED_INSTALMENTS,158,1,6,25,,7
TABLE,OBK_MI,IMOB_FINANCINGS_PAYMENTS_PF,25,1,40,160,,1
TABLE,OBK_MI,IMOB_LOANS_PAYMENTS_PJ,25,1,40,160,,1
TABLE,OBK_MI,IMOB_FINANCINGS_CONTRACTED_FEE_PJ,708,1,1,5,true,29
TABLE,OBK_MI,IMOB_FINANCINGS_CONTRACT_PF,25,1,40,160,,1
TABLE,OBK_MI,IMOB_FINANCINGS_CONTRACT_PJ,25,1,40,160,,1
TABLE,OBK_MI,IMOB_LOANS_PAYMENTS_PF,25,1,40,160,,1
TABLE,OBK_MI,IMOB_API_LOANS_PAYMENTS,158,1,6,25,,7
TABLE,OBK_MI,IMOB_FINANCINGS_CONTRACTED_FEE_PF,508,1,1,7,true,21
KEYSPACE,OBK_CSG,null,,,,,,
KEYSPACE,BGS,null,,,,,,
TABLE,BGS,SPARK_MONITORING,25,1,40,160,,1
KEYSPACE,MP,null,,,,,,
TABLE,MP,MPDT072,563,1,1,7,true,40
TABLE,MP,MPDT044,515,1,1,7,true,28
TABLE,MP,MPDT009,833,1,1,4,true,55
INDEX,IDX_PAN,null,,,,,,
MATERIALIZED VIEW,MP,IDX_PAN_INDEX,,,,,,
TABLE,MP,MPDT043,724,1,1,5,true,54
TABLE,MP,MPDT026,216,1,4,18,,11
TABLE,MP,MPDT126,320,1,3,12,,37
TABLE,MP,MPDT007,875,1,1,4,true,55
MATERIALIZED VIEW,MP,VM_MPDT007_IDENTCLI,,,,,,
TABLE,MP,MPDT004,25,1,40,160,,1
TABLE,MP,MPDT489,241,1,4,16,,12
TABLE,MP,MPDT364,260,1,3,15,,22
TABLE,MP,MPDT085,174,1,5,22,,11
TABLE,MP,MPDT371,269,1,3,14,,19
TABLE,MP,MPDT066,530,1,1,7,true,37
TABLE,MP,MPDT060,470,1,2,8,,22
TABLE,MP,MPDT164,323,1,3,12,,43
TABLE,MP,MPDT488,294,1,3,13,,20
TABLE,MP,MPDT427,947,1,1,4,true,52
TABLE,MP,MPDT178,241,1,4,16,,12
TABLE,MP,MPDT448,386,1,2,10,,43
TABLE,MP,MPDT012_TMP,587,1,1,6,true,46
TABLE,MP,MPDT454,233,1,4,17,,31
TABLE,MP,MPDT399,330,1,3,12,,29
TABLE,MP,MPDT345,236,1,4,16,,16
TABLE,MP,MPDT366,141,1,7,28,,8
TABLE,MP,MPDT343,25,1,40,160,,1
TABLE,MP,MPDT151,223,1,4,17,,18
TABLE,MP,MPDT381,220,1,4,18,,12
TABLE,MP,MPDT380,644,1,1,6,true,34
TABLE,MP,MPDT229,414,1,2,9,,40
TABLE,MP,MPDT011,267,1,3,14,,29
TABLE,MP,MPDT013,282,1,3,14,,17
INDEX,IDX_IDENTCLI,null,,,,,,
MATERIALIZED VIEW,MP,IDX_IDENTCLI_INDEX,,,,,,
TABLE,MP,MPDT012,587,1,1,6,true,46
TABLE,MP,MPDT326,427,1,2,9,,48
TABLE,MP,MPDT325,481,1,2,8,,51
TABLE,MP,MPDT368,141,1,7,28,,8
TABLE,MP,MPDT090,588,1,1,6,true,41
TABLE,MP,MPDT491,25,1,40,160,,1
TABLE,MP,MPDT490,207,1,4,19,,14
TABLE,MP,MPDT205,1056,2,,3,true,74
TABLE,MP,MPDT206,342,1,2,11,,32
TABLE,MP,MPDT207,337,1,2,11,,36
TABLE,MP,MPDT415,149,1,6,26,,10
TABLE,MP,MPDT418,404,1,2,9,,37
TABLE,MP,MPDT163,284,1,3,14,,28
TABLE,MP,MPDT025,767,1,1,5,true,49
KEYSPACE,OBK_VC,null,,,,,,
TABLE,OBK_VC,OBK_DE_PARA_COB,250,1,4,16,,10
KEYSPACE,OBK_HQ,null,,,,,,
TABLE,OBK_HQ,TAXA_VET,241,1,4,16,,12
TABLE,OBK_HQ,OBK_DE_PARA,100,1,10,40,,4
KEYSPACE,OBK_LY,null,,,,,,
TABLE,OBK_LY,EMPRESTIMO_CONTRATO_LY,25,1,40,160,,1
TABLE,OBK_LY,ADIANTAMENTO_CONTRATO_LY,25,1,40,160,,1
TABLE,OBK_LY,EMPRESTIMO_PAGAMENTOS_LY,25,1,40,160,,1
TABLE,OBK_LY,FINANCIAMENTO_CONTRATO_FINANCE_CHARGES_LY,87,1,11,45,,5
TABLE,OBK_LY,OBK_LY_FAIL,339,1,2,11,,68
TABLE,OBK_LY,EMPRESTIMO_CONTRATO_FINANCE_CHARGES_LY,87,1,11,45,,5
TABLE,OBK_LY,FINANCIAMENTO_PAGAMENTOS_RELEASES_FEES_LY,25,1,40,160,,1
TABLE,OBK_LY,ADIANTAMENTO_PAGAMENTOS_RELEASES_FEES_LY,25,1,40,160,,1
TABLE,OBK_LY,DESCONTO_GARANTIAS_LY,237,1,4,16,,11
TABLE,OBK_LY,ADIANTAMENTO_CONTRATO_CONTRACTED_FEES_LY,25,1,40,160,,1
TABLE,OBK_LY,FINANCIAMENTO_CONTRATO_LY,25,1,40,160,,1
TABLE,OBK_LY,EMPRESTIMO_CONTRATO_CONTRACTED_FEES_LY,25,1,40,160,,1
TABLE,OBK_LY,DESCONTO_PARCELAS_BALLOONPAYMENTS_LY,25,1,40,160,,1
TABLE,OBK_LY,EMPRESTIMO_PAGAMENTOS_RELEASES_LY,116.125,1,8,34,,8
TABLE,OBK_LY,EMPRESTIMO_PAGAMENTOS_RELEASES_FEES_LY,25,1,40,160,,1
TABLE,OBK_LY,DESCONTO_CONTRATO_CONTRACTED_FEES_LY,25,1,40,160,,1
TABLE,OBK_LY,FINANCIAMENTO_PAGAMENTOS_RELEASES_CHARGES_LY,112,1,8,35,,6
TABLE,OBK_LY,ADIANTAMENTO_CONTRATO_INTEREST_RATES_LY,233,1,4,17,,11
TABLE,OBK_LY,EMPRESTIMO_PAGAMENTOS_RELEASES_CHARGES_LY,112,1,8,35,,6
TABLE,OBK_LY,FINANCIAMENTO_GARANTIAS_LY,237,1,4,16,,11
TABLE,OBK_LY,EMPRESTIMO_CONTRATO_INTEREST_RATES_LY,233,1,4,17,,11
TABLE,OBK_LY,EMPRESTIMO_PARCELAS_LY,25,1,40,160,,1
TABLE,OBK_LY,EMPRESTIMO_GARANTIAS_LY,237,1,4,16,,11
TABLE,OBK_LY,EMPRESTIMO_PARCELAS_BALLOONPAYMENTS_LY,25,1,40,160,,1
TABLE,OBK_LY,ADIANTAMENTO_PAGAMENTOS_RELEASES_CHARGES_LY,112,1,8,35,,6
TABLE,OBK_LY,DESCONTO_PAGAMENTOS_RELEASES_LY,116.125,1,8,34,,8
TABLE,OBK_LY,DESCONTO_PAGAMENTOS_RELEASES_CHARGES_LY,112,1,8,35,,6
TABLE,OBK_LY,ADIANTAMENTO_CONTRATO_FINANCE_CHARGES_LY,87,1,11,45,,5
TABLE,OBK_LY,FINANCIAMENTO_PAGAMENTOS_LY,25,1,40,160,,1
TABLE,OBK_LY,FINANCIAMENTO_PARCELAS_LY,25,1,40,160,,1
TABLE,OBK_LY,DESCONTO_PAGAMENTOS_LY,25,1,40,160,,1
TABLE,OBK_LY,DESCONTO_PAGAMENTOS_RELEASES_FEES_LY,25,1,40,160,,1
TABLE,OBK_LY,ADIANTAMENTO_PARCELAS_LY,25,1,40,160,,1
TABLE,OBK_LY,DESCONTO_CONTRATO_FINANCE_CHARGES_LY,87,1,11,45,,5
TABLE,OBK_LY,FINANCIAMENTO_CONTRATO_INTEREST_RATES_LY,233,1,4,17,,11
TABLE,OBK_LY,FINANCIAMENTO_PAGAMENTOS_RELEASES_LY,116.125,1,8,34,,8
TABLE,OBK_LY,DESCONTO_CONTRATO_LY,25,1,40,160,,1
TABLE,OBK_LY,DESCONTO_PARCELAS_LY,25,1,40,160,,1
TABLE,OBK_LY,FINANCIAMENTO_PARCELAS_BALLOONPAYMENTS_LY,25,1,40,160,,1
TABLE,OBK_LY,ADIANTAMENTO_PAGAMENTOS_RELEASES_LY,116.125,1,8,34,,8
TABLE,OBK_LY,BRAND_INFO,25,1,40,160,,1
TABLE,OBK_LY,FINANCIAMENTO_CONTRATO_CONTRACTED_FEES_LY,25,1,40,160,,1
TABLE,OBK_LY,ADIANTAMENTO_PAGAMENTOS_LY,25,1,40,160,,1
TABLE,OBK_LY,DESCONTO_CONTRATO_INTEREST_RATES_LY,233,1,4,17,,11
TABLE,OBK_LY,ADIANTAMENTO_PARCELAS_BALLOONPAYMENTS_LY,25,1,40,160,,1
TABLE,OBK_LY,ADIANTAMENTO_GARANTIAS_LY,237,1,4,16,,11
