table_ref,keyspace,table,insert_count,insert_size,insert_wrus,writes_size,WRU per record,Rows per RRU,RRU per 10 rows
AQ4CAS001.TBAQ4007_DECS_KYC_ESGR,AQ4CAS001,TBAQ4007_DECS_KYC_ESGR,100,50984,100,50984,1,8,2
AQ4CAS001.TBAQ4013_PRIA_EVEN_MOVI_FINN,AQ4CAS001,TBAQ4013_PRIA_EVEN_MOVI_FINN,100,25188,100,25188,1,16,1
AQ4CAS001.TBAQ4028_EVEN_MOVI_FINN,AQ4CAS001,TBAQ4028_EVEN_MOVI_FINN,100,40292,100,40292,1,10,1
AQ4CAS001.TBAQ4029_EVEN_MOVI_FINN_DAT,AQ4CAS001,TBAQ4029_EVEN_MOVI_FINN_DAT,100,18900,100,18900,1,22,1
AQ4CAS001.TBAQ4029_EVEN_MOVI_FINN_EXTR,AQ4CAS001,TBAQ4029_EVEN_MOVI_FINN_EXTR,100,18500,100,18500,1,22,1
AQ4CAS001.TBAQ4030_EVEN_MOVI_FINN_IMAR,AQ4CAS001,TBAQ4030_EVEN_MOVI_FINN_IMAR,100,19500,100,19500,1,21,1
AQ4CAS001.TBAQ4031_EVEN_MOVI_FINN_PAR,AQ4CAS001,TBAQ4031_EVEN_MOVI_FINN_PAR,100,19400,100,19400,1,21,1
AQ4CAS001.TBAQ4035_FATM,AQ4CAS001,TBAQ4035_FATM,100,15883,100,15883,1,26,1
AQ4CAS001.TBAQ4036_PATR,AQ4CAS001,TBAQ4036_PATR,100,16278,100,16278,1,25,1
AQ4CAS001.TBAQ4037_REND,AQ4CAS001,TBAQ4037_REND,100,15998,100,15998,1,26,1
AQ4CAS002.TBAQ4001_CADA_ALCA_PFIS_API,AQ4CAS002,TBAQ4001_CADA_ALCA_PFIS_API,100,33689,100,33689,1,12,1
AQ4CAS002.TBAQ4002_CADA_ALCA_PFIS_TELA,AQ4CAS002,TBAQ4002_CADA_ALCA_PFIS_TELA,100,35900,100,35900,1,12,1
AQ4CAS002.TBAQ4003_CADA_ALCA_PJUR_API,AQ4CAS002,TBAQ4003_CADA_ALCA_PJUR_API,100,33790,100,33790,1,12,1
AQ4CAS002.TBAQ4004_CADA_ALCA_PJUR_TELA,AQ4CAS002,TBAQ4004_CADA_ALCA_PJUR_TELA,100,36500,100,36500,1,11,1
AQ4CAS002.TBAQ4005_DECS_KYC_CNPJ,AQ4CAS002,TBAQ4005_DECS_KYC_CNPJ,100,71292,100,71292,1,6,2
AQ4CAS002.TBAQ4006_DECS_KYC_CPF,AQ4CAS002,TBAQ4006_DECS_KYC_CPF,100,71095,100,71095,1,6,2
AQ4CAS002.TBAQ4007_DECS_KYC_ESGR,AQ4CAS002,TBAQ4007_DECS_KYC_ESGR,100,72183,100,72183,1,6,2
AQ4CAS002.TBAQ4008_HIST_DECS_KYC_CNPJ,AQ4CAS002,TBAQ4008_HIST_DECS_KYC_CNPJ,100,95301,100,95301,1,5,2
AQ4CAS002.TBAQ4009_HIST_DECS_KYC_CPF,AQ4CAS002,TBAQ4009_HIST_DECS_KYC_CPF,100,95087,100,95087,1,5,2
AQ4CAS002.TBAQ4010_HIST_DECS_KYC_ESGR,AQ4CAS002,TBAQ4010_HIST_DECS_KYC_ESGR,100,88297,100,88297,1,5,2
AQ4CAS002.TBAQ4011_RGTO_CSLT_KYC_CNPJ,AQ4CAS002,TBAQ4011_RGTO_CSLT_KYC_CNPJ,100,36023,100,36023,1,12,1
AQ4CAS002.TBAQ4012_RGTO_CSLT_KYC_CPF,AQ4CAS002,TBAQ4012_RGTO_CSLT_KYC_CPF,100,35819,100,35819,1,12,1
AQ4CAS002.TBAQ4014_DECS_KYC_CNPJ_API,AQ4CAS002,TBAQ4014_DECS_KYC_CNPJ_API,100,37486,100,37486,1,11,1
AQ4CAS002.TBAQ4015_DECS_KYC_CPF_API,AQ4CAS002,TBAQ4015_DECS_KYC_CPF_API,100,37288,100,37288,1,11,1
AQ4CAS002.TBAQ4017_CADA_EVEN_ALCA_PJUR,AQ4CAS002,TBAQ4017_CADA_EVEN_ALCA_PJUR,100,59600,100,59600,1,7,2
AQ4CAS002.TBAQ4018_RGTO_EVEN_ALCA_PFIS,AQ4CAS002,TBAQ4018_RGTO_EVEN_ALCA_PFIS,100,59000,100,59000,1,7,2
AQ4CAS002.TBAQ4024_RENO_KYC_CNPJ_API,AQ4CAS002,TBAQ4024_RENO_KYC_CNPJ_API,100,42206,100,42206,1,10,1
AQ4CAS002.TBAQ4025_RENO_KYC_CPF_API,AQ4CAS002,TBAQ4025_RENO_KYC_CPF_API,100,41999,100,41999,1,10,1
AQ4CAS002.TBAQ4117_LGDO_KYC_CNPJ_API,AQ4CAS002,TBAQ4117_LGDO_KYC_CNPJ_API,100,42875,100,42875,1,10,1
AQ4CAS002.TBAQ4118_LGDO_KYC_CPF_API,AQ4CAS002,TBAQ4118_LGDO_KYC_CPF_API,100,34483,100,34483,1,12,1
AQ4CAS003.TBAQ4019_IDEF_PPE,AQ4CAS003,TBAQ4019_IDEF_PPE,100,23100,100,23100,1,18,1
AQ4CAS003.TBAQ4175_DAT_AVLI_PPE_RLCD,AQ4CAS003,TBAQ4175_DAT_AVLI_PPE_RLCD,100,22800,100,22800,1,18,1
AQ4CAS003.TBAQ4176_SOLI_AVLI_PPE_RLCD,AQ4CAS003,TBAQ4176_SOLI_AVLI_PPE_RLCD,100,27400,100,27400,1,15,1
AQ4CAS004.TBAQ4020_CADA_MUND_PESS_CNHD,AQ4CAS004,TBAQ4020_CADA_MUND_PESS_CNHD,1,1245,2,1245,2,4,3
AQ4CAS004.TBAQ4023_VSAO_PESS_NOM,AQ4CAS004,TBAQ4023_VSAO_PESS_NOM,100,43428,100,43428,1,10,1
AQ4CAS004.TBAQ4034_CADA_NOM_RSTV_INST,AQ4CAS004,TBAQ4034_CADA_NOM_RSTV_INST,100,49700,100,49700,1,9,2
AQ4CAS004.TBAQ4040_RELT_MANT_CFT,AQ4CAS004,TBAQ4040_RELT_MANT_CFT,100,42853,100,42853,1,10,1
AQ4CAS004.TBAQ4041_VSAO_CLIE_NOM,AQ4CAS004,TBAQ4041_VSAO_CLIE_NOM,100,31900,100,31900,1,13,1
AQ4CAS005.TBAQ4033_RESU_CALC_RISC_PLD,AQ4CAS005,TBAQ4033_RESU_CALC_RISC_PLD,100,35877,100,35877,1,12,1
AQ4CAS006.TBAQ4056_FILR_PRZC_ALER,AQ4CAS006,TBAQ4056_FILR_PRZC_ALER,100,24492,100,24492,1,17,1
AQ4CAS006.TBAQ4057_INFO_CHEQ_ORDE_PGTO,AQ4CAS006,TBAQ4057_INFO_CHEQ_ORDE_PGTO,100,18100,100,18100,1,23,1
AQ4CAS006.TBAQ4058_INFO_MOVM_FINN,AQ4CAS006,TBAQ4058_INFO_MOVM_FINN,100,75491,100,75491,1,6,2
AQ4CAS006.TBAQ4059_LIST_ALER_ENRR,AQ4CAS006,TBAQ4059_LIST_ALER_ENRR,100,38076,100,38076,1,11,1
AQ4CAS006.TBAQ4060_RSUM_CLIE,AQ4CAS006,TBAQ4060_RSUM_CLIE,100,16600,100,16600,1,25,1
AQ4CAS006.TBAQ4061_TMPE_RELT,AQ4CAS006,TBAQ4061_TMPE_RELT,100,16000,100,16000,1,25,1
AQ4CAS006.TBAQ4163_INFO_MOVM_FINN_PROD,AQ4CAS006,TBAQ4163_INFO_MOVM_FINN_PROD,100,75990,100,75990,1,6,2
AQ4CAS006.TBAQ4164_RSUM_CLIE_PROD,AQ4CAS006,TBAQ4164_RSUM_CLIE_PROD,100,17100,100,17100,1,24,1
AQ4CAS006.TBAQ4165_INFO_PROD_CPIT,AQ4CAS006,TBAQ4165_INFO_PROD_CPIT,100,17100,100,17100,1,24,1
AQ4CAS006.TBAQ4177_INFO_PROD_CSGD,AQ4CAS006,TBAQ4177_INFO_PROD_CSGD,100,17100,100,17100,1,24,1
AQ4CAS006.TBAQ4179_INFO_PROD_ALER,AQ4CAS006,TBAQ4179_INFO_PROD_ALER,100,19390,100,19390,1,21,1
AQ4CAS006.TBAQ4224_INFO_PROD_CMNC,AQ4CAS006,TBAQ4224_INFO_PROD_CMNC,100,18883,100,18883,1,22,1
AQ4CAS006.TBAQ4225_INFO_PROD_SGTO_ALER,AQ4CAS006,TBAQ4225_INFO_PROD_SGTO_ALER,100,32867,100,32867,1,13,1
AQ4CAS006.TBAQ4324_ALER_DADO_CADL_MOTO,AQ4CAS006,TBAQ4324_ALER_DADO_CADL_MOTO,100,19893,100,19893,1,21,1
AQ4CAS006.TBAQ4453_INFO_PROD_SGTO_ALER,AQ4CAS006,TBAQ4453_INFO_PROD_SGTO_ALER,100,31882,100,31882,1,13,1
AQ4CAS006.TBAQ4503_INFO_TRAN_CMNC,AQ4CAS006,TBAQ4503_INFO_TRAN_CMNC,100,18890,100,18890,1,22,1
AQ4CAS007.TBAQ4119_RELT_MNSL_CLIE_SUB,AQ4CAS007,TBAQ4119_RELT_MNSL_CLIE_SUB,100,43424,100,43424,1,10,1
AQ4CAS007.TBAQ4120_RELT_MNSL_SUB_ADQE,AQ4CAS007,TBAQ4120_RELT_MNSL_SUB_ADQE,1,547,1,547,1,8,2
AQ4CAS007.TBAQ4162_RELT_RCRA_CADA_SUB,AQ4CAS007,TBAQ4162_RELT_RCRA_CADA_SUB,100,25816,100,25816,1,16,1
AQ5CAS001.TBAQ5001_CADA_REGR_PVCO_FRAU,AQ5CAS001,TBAQ5001_CADA_REGR_PVCO_FRAU,100,25188,100,25188,1,16,1
AQ5CAS001.TBAQ5002_DAT_FICH_ANAL_PEDI,AQ5CAS001,TBAQ5002_DAT_FICH_ANAL_PEDI,100,27585,100,27585,1,15,1
AQ5CAS001.TBAQ5003_DAT_PEDI_ANAL_FRAU,AQ5CAS001,TBAQ5003_DAT_PEDI_ANAL_FRAU,100,26588,100,26588,1,16,1
AQ5CAS001.TBAQ5004_FICH_ANAL_PEDI,AQ5CAS001,TBAQ5004_FICH_ANAL_PEDI,100,19900,100,19900,1,21,1
AQ5CAS001.TBAQ5005_JOB_ANAL_FRAU,AQ5CAS001,TBAQ5005_JOB_ANAL_FRAU,100,29192,100,29192,1,14,1
AQ5CAS001.TBAQ5006_PEDI_ANAL_FRAU,AQ5CAS001,TBAQ5006_PEDI_ANAL_FRAU,100,18400,100,18400,1,22,1
AQ5CAS001.TBAQ5007_RGTO_EVEN_ANAL_FRAU,AQ5CAS001,TBAQ5007_RGTO_EVEN_ANAL_FRAU,100,36500,100,36500,1,11,1
AQ5CAS001.TBAQ5008_TICK_MOTO_FRAU,AQ5CAS001,TBAQ5008_TICK_MOTO_FRAU,1,483,1,483,1,9,2
AQ5CAS001.TBAQ5009_RGTO_AGEM_REQU_PRM,AQ5CAS001,TBAQ5009_RGTO_AGEM_REQU_PRM,100,49091,100,49091,1,9,2
AQ5CAS001.TBAQ5010_RGTO_REQU_PRM,AQ5CAS001,TBAQ5010_RGTO_REQU_PRM,100,47688,100,47688,1,9,2
AQ5CAS001.TBAQ5011_ITEM_TEMP_RETO_FRAU,AQ5CAS001,TBAQ5011_ITEM_TEMP_RETO_FRAU,100,32860,100,32860,1,13,1
AQ5CAS001.TBAQ5012_TEMP_RETO_ANAL_FRAU,AQ5CAS001,TBAQ5012_TEMP_RETO_ANAL_FRAU,100,23988,100,23988,1,17,1
AQ5CAS001.TBAQ5013_TICK_MOTO_FRAU_JOB,AQ5CAS001,TBAQ5013_TICK_MOTO_FRAU_JOB,1,487,1,487,1,9,2
AQ5CAS001.TBAQ5016_CTRL_SITU_JOB,AQ5CAS001,TBAQ5016_CTRL_SITU_JOB,1,365,1,365,1,11,1
B0CAS001.TBB0031_ENCR_CCOR_CACD,B0CAS001,TBB0031_ENCR_CCOR_CACD,100,106430,200,106430,2,4,3
B0CAS001.TBB0032_UTIZ_DIAR_LIMI_CCOR,B0CAS001,TBB0032_UTIZ_DIAR_LIMI_CCOR,100,56570,100,56570,1,8,2
B0CAS002.TBB0033_DEBT_ENCR_PNDT_CCOR,B0CAS002,TBB0033_DEBT_ENCR_PNDT_CCOR,100,27100,100,27100,1,15,1
B0CAS004.TBB0023_AGEN,B0CAS004,TBB0023_AGEN,100,62600,100,62600,1,7,2
B0CAS004.TBB0024_AGEN_BAIR_ENDE,B0CAS004,TBB0024_AGEN_BAIR_ENDE,100,63600,100,63600,1,7,2
B0CAS004.TBB0025_AGEN_CIDA_ENDE,B0CAS004,TBB0025_AGEN_CIDA_ENDE,100,63600,100,63600,1,7,2
B0CAS004.TBB0026_AGEN_CNPJ,B0CAS004,TBB0026_AGEN_CNPJ,100,63100,100,63100,1,7,2
B0CAS004.TBB0027_AGEN_COD_ENDR_PSTL,B0CAS004,TBB0027_AGEN_COD_ENDR_PSTL,100,64000,100,64000,1,7,2
B0CAS004.TBB0028_AGEN_ENDE,B0CAS004,TBB0028_AGEN_ENDE,100,63100,100,63100,1,7,2
B0CAS004.TBB0029_AGEN_GLCO,B0CAS004,TBB0029_AGEN_GLCO,100,63100,100,63100,1,7,2
B0CAS004.TBB0030_AGEN_NOM_ENDE,B0CAS004,TBB0030_AGEN_NOM_ENDE,100,63500,100,63500,1,7,2
BTCAS001.TBBT001_LOG_OFRT_PADR_ADNE,BTCAS001,TBBT001_LOG_OFRT_PADR_ADNE,100,39300,100,39300,1,11,1
BTCAS001.TBBT002_OFRT_PADR_ADNE,BTCAS001,TBBT002_OFRT_PADR_ADNE,100,17400,100,17400,1,23,1
BTCAS002.TBBT003_CSUM_PROD_SERV_TARI,BTCAS002,TBBT003_CSUM_PROD_SERV_TARI,100,41269,100,41269,1,10,1
BTCAS002.TBBT004_EXTT_CSUM_PROD_SERV,BTCAS002,TBBT004_EXTT_CSUM_PROD_SERV,1,365,1,365,1,11,1
DK1CAS001.TBDK1004_PARM_BANR_BIN,DK1CAS001,TBDK1004_PARM_BANR_BIN,100,93641,100,93641,1,5,2
DW8CAS001.TBDW8004_EXCN_PLNN,DW8CAS001,TBDW8004_EXCN_PLNN,100,16500,100,16500,1,25,1
DW8CAS001.TBDW8005_LOG_ENRY,DW8CAS001,TBDW8005_LOG_ENRY,100,28590,100,28590,1,14,1
DW8CAS001.TBDW8006_VIEW_PLNN,DW8CAS001,TBDW8006_VIEW_PLNN,100,16500,100,16500,1,25,1
DW8CAS001.TBDW8007_EXEE_JOB_CMMD,DW8CAS001,TBDW8007_EXEE_JOB_CMMD,100,28000,100,28000,1,15,1
DW8CAS001.TBDW8008_SOUR,DW8CAS001,TBDW8008_SOUR,100,15500,100,15500,1,26,1
DW8CAS001.TBDW8009_RCVD_FILL,DW8CAS001,TBDW8009_RCVD_FILL,100,31400,100,31400,1,13,1
DW8CAS001.TBDW8025_LOG_SEVY,DW8CAS001,TBDW8025_LOG_SEVY,100,18500,100,18500,1,22,1
DW8CAS001.TBDW8031_BROK_CNFN,DW8CAS001,TBDW8031_BROK_CNFN,100,22200,100,22200,1,19,1
DW8CAS001.TBDW8032_FILL_WTCH_LOG,DW8CAS001,TBDW8032_FILL_WTCH_LOG,100,19900,100,19900,1,21,1
DW8CAS001.TBDW8033_INGN_AGNT_EXIN,DW8CAS001,TBDW8033_INGN_AGNT_EXIN,100,74660,100,74660,1,6,2
DW8CAS001.TBDW8034_INGN_AGNT_EXIN_LOG,DW8CAS001,TBDW8034_INGN_AGNT_EXIN_LOG,100,40400,100,40400,1,10,1
DW8CAS001.TBDW8035_INGN_AGNT_EXIN_STAT,DW8CAS001,TBDW8035_INGN_AGNT_EXIN_STAT,100,50752,100,50752,1,8,2
DW8CAS001.TBDW8036_INGN_AGNT_STMS,DW8CAS001,TBDW8036_INGN_AGNT_STMS,100,30400,100,30400,1,14,1
DW8CAS001.TBDW8037_INGN_AGNT_CNFN,DW8CAS001,TBDW8037_INGN_AGNT_CNFN,100,16500,100,16500,1,25,1
DW8CAS001.TBEG3008_REGR_CATE_COTX,DW8CAS001,TBEG3008_REGR_CATE_COTX,100,40452,100,40452,1,10,1
DW8CAS001.TESTE_SPARK_INGESTAO,DW8CAS001,TESTE_SPARK_INGESTAO,100,24200,100,24200,1,17,1
DW8CAS002.TBDW8001_PRCT_VIEW,DW8CAS002,TBDW8001_PRCT_VIEW,100,26300,100,26300,1,16,1
DW8CAS002.TBDW8002_PRCT_EVTE_STOE,DW8CAS002,TBDW8002_PRCT_EVTE_STOE,100,35500,100,35500,1,12,1
DW8CAS002.TBDW8003_PRCT_EVTE_TYPE_STOE,DW8CAS002,TBDW8003_PRCT_EVTE_TYPE_STOE,100,36000,100,36000,1,12,1
DW8CAS002.TBDW8022_INVP_VIEW,DW8CAS002,TBDW8022_INVP_VIEW,100,23200,100,23200,1,18,1
DW8CAS002.TBDW8023_INVP_EVTE_STOE,DW8CAS002,TBDW8023_INVP_EVTE_STOE,100,33695,100,33695,1,12,1
DW8CAS002.TBDW8024_INVP_EVTE_TYPE_STOE,DW8CAS002,TBDW8024_INVP_EVTE_TYPE_STOE,100,34187,100,34187,1,12,1
DW8CAS002.TBDW8026_CARD_PRCT_VIEW,DW8CAS002,TBDW8026_CARD_PRCT_VIEW,100,26800,100,26800,1,15,1
DW8CAS002.TBDW8027_EMAI_PRCT_VIEW,DW8CAS002,TBDW8027_EMAI_PRCT_VIEW,100,26800,100,26800,1,15,1
DW8CAS002.TBDW8028_PHON_PRCT_VIEW,DW8CAS002,TBDW8028_PHON_PRCT_VIEW,100,26800,100,26800,1,15,1
DW8CAS002.TBDW8029_RCPT_PRCT_VIEW_TMSS,DW8CAS002,TBDW8029_RCPT_PRCT_VIEW_TMSS,100,38100,100,38100,1,11,1
DW8CAS002.TBDW8030_ACOT_ASTN_VIEW,DW8CAS002,TBDW8030_ACOT_ASTN_VIEW,100,26800,100,26800,1,15,1
DW8CAS002.TBDW8055_DIGL_COMM_PRCT_VIEW,DW8CAS002,TBDW8055_DIGL_COMM_PRCT_VIEW,100,27300,100,27300,1,15,1
DW8CAS002.TBDW8056_RQST_PRCT_VIEW_TMSS,DW8CAS002,TBDW8056_RQST_PRCT_VIEW_TMSS,100,38100,100,38100,1,11,1
DW8CAS002.TBDW8060_INMT_PRCT_VIEW_TMSS,DW8CAS002,TBDW8060_INMT_PRCT_VIEW_TMSS,100,41700,100,41700,1,10,1
DW8CAS002.TBDW8061_CSTM_DAT_PRCT_VIEW,DW8CAS002,TBDW8061_CSTM_DAT_PRCT_VIEW,100,27200,100,27200,1,15,1
DW8CAS002.TBDW8062_LIIT_PRCT_VIEW,DW8CAS002,TBDW8062_LIIT_PRCT_VIEW,100,26800,100,26800,1,15,1
DW8CAS002.TBDW8063_SGMT_PRCT_VIEW,DW8CAS002,TBDW8063_SGMT_PRCT_VIEW,100,26800,100,26800,1,15,1
DW8CAS002.TBDW8064_MANA_NATU_CSTM_PRCT,DW8CAS002,TBDW8064_MANA_NATU_CSTM_PRCT,99,27027,99,27027,1,15,1
DW8CAS002.TBDW8064_MANA_NATU_CSTM_PRCT,DW8CAS002,TBDW8064_MANA_NATU_CSTM_PRCT,1,273,1,273,1,15,1
DW8CAS002.TBDW8066_CSTM_ACOT_PRCT_VIEW,DW8CAS002,TBDW8066_CSTM_ACOT_PRCT_VIEW,100,27300,100,27300,1,15,1
DW8CAS002.TBDW8067_CSTM_CARD_PRCT_VIEW,DW8CAS002,TBDW8067_CSTM_CARD_PRCT_VIEW,100,27300,100,27300,1,15,1
DW8CAS002.TBDW8068_CSTM_LEND_PRCT_VIEW,DW8CAS002,TBDW8068_CSTM_LEND_PRCT_VIEW,100,27300,100,27300,1,15,1
DW8CAS002.TBDW8069_CARD_EXCH_PRCT_VIEW,DW8CAS002,TBDW8069_CARD_EXCH_PRCT_VIEW,100,27300,100,27300,1,15,1
DW8CAS002.TBDW8070_INUE_PRCT_VIEW,DW8CAS002,TBDW8070_INUE_PRCT_VIEW,100,26800,100,26800,1,15,1
DW8CAS002.TBDW8071_PYRL_LOAN_PRCT_VIEW,DW8CAS002,TBDW8071_PYRL_LOAN_PRCT_VIEW,100,27300,100,27300,1,15,1
DW8CAS002.TBDW8072_LOAN_PRCT_VIEW,DW8CAS002,TBDW8072_LOAN_PRCT_VIEW,100,26800,100,26800,1,15,1
DW8CAS002.TBDW8073_CNSM_PRCT_VIEW,DW8CAS002,TBDW8073_CNSM_PRCT_VIEW,100,26800,100,26800,1,15,1
DW8CAS002.TBDW8074_PRVE_PNSN_PRCT_VIEW,DW8CAS002,TBDW8074_PRVE_PNSN_PRCT_VIEW,100,27300,100,27300,1,15,1
DW8CAS002.TBDW8075_BROK_PRCT_VIEW,DW8CAS002,TBDW8075_BROK_PRCT_VIEW,100,26800,100,26800,1,15,1
DW8CAS002.TBDW8076_CILN_PRCT_VIEW,DW8CAS002,TBDW8076_CILN_PRCT_VIEW,100,26800,100,26800,1,15,1
DW8CAS002.TBDW8077_ELCD_INME_PRCT_VIEW,DW8CAS002,TBDW8077_ELCD_INME_PRCT_VIEW,100,27300,100,27300,1,15,1
DW8CAS002.TBDW8078_RVNE_PRCT_VIEW,DW8CAS002,TBDW8078_RVNE_PRCT_VIEW,100,26800,100,26800,1,15,1
DW8CAS002.TBDW8079_SAVA_PRCT_VIEW,DW8CAS002,TBDW8079_SAVA_PRCT_VIEW,100,26800,100,26800,1,15,1
DW8CAS002.TBDW8081_MBPT_PRCT_VIEW,DW8CAS002,TBDW8081_MBPT_PRCT_VIEW,100,26800,100,26800,1,15,1
DW8CAS002.TBDW8082_MBPT_STRT_PRCT_VIEW,DW8CAS002,TBDW8082_MBPT_STRT_PRCT_VIEW,100,27300,100,27300,1,15,1
DW8CAS002.TBDW8083_FNAL_CSTM_PRCT_VIEW,DW8CAS002,TBDW8083_FNAL_CSTM_PRCT_VIEW,100,27300,100,27300,1,15,1
DW8PFM001.TBDW8051_LANC_CONT_CORE,DW8PFM001,TBDW8051_LANC_CONT_CORE,100,127567,200,127567,2,4,3
DW8PFM001.TBDW8052_SALD_HIST,DW8PFM001,TBDW8052_SALD_HIST,100,54873,100,54873,1,8,2
DW8PFM002.TBDW8048_TOTZ_BATE_INGO_AGEN,DW8PFM002,TBDW8048_TOTZ_BATE_INGO_AGEN,1,364,1,364,1,11,1
DW8PFM002.TBDW8049_DAT_MOVI_AGEN,DW8PFM002,TBDW8049_DAT_MOVI_AGEN,100,27400,100,27400,1,15,1
DW8PFM002.TBDW8050_HIST_BATE_INGO_AGEN,DW8PFM002,TBDW8050_HIST_BATE_INGO_AGEN,100,48569,100,48569,1,9,2
DW8PFM002.TBDW8057_CNFG_APLI_PFM,DW8PFM002,TBDW8057_CNFG_APLI_PFM,100,21200,100,21200,1,19,1
DW8PFM002.TBDW8058_CTRL_BATE_RGTO,DW8PFM002,TBDW8058_CTRL_BATE_RGTO,100,26100,100,26100,1,16,1
DW8PFM002.TBDW8065_RFRC_PSST_GRUP_AGEN,DW8PFM002,TBDW8065_RFRC_PSST_GRUP_AGEN,100,29134,100,29134,1,14,1
DW8PFM002.TBDW8066_RFRC_STAT_ARQU,DW8PFM002,TBDW8066_RFRC_STAT_ARQU,100,27687,100,27687,1,15,1
DW8PFM002.TBDW8067_SMRO_ARQU_CONT_CORE,DW8PFM002,TBDW8067_SMRO_ARQU_CONT_CORE,1,412,1,412,1,10,1
DY5CAS001.TBDY5027_DIVI,DY5CAS001,TBDY5027_DIVI,100,109101,200,109101,2,4,3
DY5CAS001.TBDY5033_EVEN_DIVI,DY5CAS001,TBDY5033_EVEN_DIVI,100,43400,100,43400,1,10,1
DY5CAS001.TBDY5071_APEL_PROD_CCSN,DY5CAS001,TBDY5071_APEL_PROD_CCSN,100,29900,100,29900,1,14,1
DY5CAS002.TBDY5328_CSLT_EVEN_DEBT_CLIE,DY5CAS002,TBDY5328_CSLT_EVEN_DEBT_CLIE,100,174637,200,174637,2,3,4
DY5CAS002.TBDY5329_CSLT_EVEN_DEBT_CONT,DY5CAS002,TBDY5329_CSLT_EVEN_DEBT_CONT,100,174614,200,174614,2,3,4
DY5CAS002.TBDY5330_CSLT_EVEN_DEBT_CTRT,DY5CAS002,TBDY5330_CSLT_EVEN_DEBT_CTRT,100,174615,200,174615,2,3,4
DY5CAS002.TBDY5393_OPER_DEBT_AUTA,DY5CAS002,TBDY5393_OPER_DEBT_AUTA,200,153252,200,153252,1,6,2
DY5CAS003.TBDY5378_CLIE_CONT,DY5CAS003,TBDY5378_CLIE_CONT,100,64978,100,64978,1,7,2
DY5CAS003.TBDY5379_CLIE_DOCM,DY5CAS003,TBDY5379_CLIE_DOCM,100,64963,100,64963,1,7,2
DY5CAS003.TBDY5380_CLIE_ETMU_PGTO,DY5CAS003,TBDY5380_CLIE_ETMU_PGTO,100,65465,100,65465,1,7,2
DY5CAS003.TBDY5381_MENS_DIVI_PLAT_PGTO,DY5CAS003,TBDY5381_MENS_DIVI_PLAT_PGTO,100,47000,100,47000,1,9,2
DY5CAS003.TBDY5382_MENS_ETMU_PGTO,DY5CAS003,TBDY5382_MENS_ETMU_PGTO,100,41900,100,41900,1,10,1
DY5CAS003.TBDY5383_MENS_ORIG,DY5CAS003,TBDY5383_MENS_ORIG,100,41400,100,41400,1,10,1
DY5CAS003.TBDY5384_MENS_PSST,DY5CAS003,TBDY5384_MENS_PSST,100,41400,100,41400,1,10,1
DY5CAS004.TBDY5389_INSR_PGTO,DY5CAS004,TBDY5389_INSR_PGTO,100,37257,100,37257,1,11,1
DY5CAS004.TBDY5390_TRAN_PGTO,DY5CAS004,TBDY5390_TRAN_PGTO,100,81595,100,81595,1,5,2
DY5CAS004.TBDY5391_VNCL_MEIO_PGTO_WLLT,DY5CAS004,TBDY5391_VNCL_MEIO_PGTO_WLLT,100,44608,100,44608,1,9,2
DY5CAS004.TBDY5392_WLLT,DY5CAS004,TBDY5392_WLLT,100,30700,100,30700,1,14,1
DY5CAS004.TBDY5406_CTRT_DOCM_WLLT,DY5CAS004,TBDY5406_CTRT_DOCM_WLLT,100,47759,100,47759,1,9,2
DY5CAS004.TBDY5407_SOLI_PEDI_PGTO,DY5CAS004,TBDY5407_SOLI_PEDI_PGTO,100,35200,100,35200,1,12,1
DY5CAS005.TBDY5533_COD_IDEF_PGTO_LGDO,DY5CAS005,TBDY5533_COD_IDEF_PGTO_LGDO,100,150278,200,150278,2,3,4
DY5CAS005.TBDY5534_CSLT_PGTO_DETH,DY5CAS005,TBDY5534_CSLT_PGTO_DETH,100,149909,200,149909,2,3,4
DY5CAS005.TBDY5535_CSLT_PGTO_PRDO,DY5CAS005,TBDY5535_CSLT_PGTO_PRDO,100,90312,100,90312,1,5,2
DY5CAS005.TBDY5536_CSLT_PGTO_PRDO_SITU,DY5CAS005,TBDY5536_CSLT_PGTO_PRDO_SITU,100,90814,100,90814,1,5,2
DY5CAS006.TBDY5524_CSLT_TRSF_DETH,DY5CAS006,TBDY5524_CSLT_TRSF_DETH,100,124421,200,124421,2,4,3
DY5CAS006.TBDY5525_CSLT_TRSF_DETH_LGDO,DY5CAS006,TBDY5525_CSLT_TRSF_DETH_LGDO,100,124916,200,124916,2,4,3
DY5CAS006.TBDY5526_CSLT_TRSF_PRDO,DY5CAS006,TBDY5526_CSLT_TRSF_PRDO,100,86609,100,86609,1,5,2
DY5CAS006.TBDY5527_CSLT_TRSF_PRDO_SITU,DY5CAS006,TBDY5527_CSLT_TRSF_PRDO_SITU,100,87109,100,87109,1,5,2
DY5CAS007.TBDY5528_CSLT_AGEM_DETH,DY5CAS007,TBDY5528_CSLT_AGEM_DETH,100,168455,200,168455,2,3,4
DY5CAS007.TBDY5529_CSLT_AGEM_DETH_LGDO,DY5CAS007,TBDY5529_CSLT_AGEM_DETH_LGDO,100,168961,200,168961,2,3,4
DY5CAS007.TBDY5530_CSLT_AGEM_PRDO,DY5CAS007,TBDY5530_CSLT_AGEM_PRDO,100,135001,200,135001,2,3,4
DY5CAS007.TBDY5531_CSLT_AGEM_PRDO_SITU,DY5CAS007,TBDY5531_CSLT_AGEM_PRDO_SITU,100,135505,200,135505,2,3,4
EG3CAS001.TBEG3001_CATE_BANC,EG3CAS001,TBEG3001_CATE_BANC,100,34988,100,34988,1,12,1
EG3CAS001.TBEG3002_REGR_CATE_RCRE,EG3CAS001,TBEG3002_REGR_CATE_RCRE,100,36409,100,36409,1,11,1
EG3CAS001.TBEG3003_PREF_CATE,EG3CAS001,TBEG3003_PREF_CATE,9,3528,9,3528,1,11,1
EG3CAS001.TBEG3004_REGR_BANC_COD_PESQ,EG3CAS001,TBEG3004_REGR_BANC_COD_PESQ,100,17500,100,17500,1,23,1
EG3CAS001.TBEG3005_REGR_BANC_CONT_CORE,EG3CAS001,TBEG3005_REGR_BANC_CONT_CORE,53,11501,53,11501,1,19,1
EG3CAS001.TBEG3006_PREF_CATE_LANC,EG3CAS001,TBEG3006_PREF_CATE_LANC,100,57416,100,57416,1,7,2
EG3CAS001.TBEG3007_CATE_COTX_BANC,EG3CAS001,TBEG3007_CATE_COTX_BANC,31,19917,31,19917,1,7,2
EG3CAS001.TBEG3008_REGR_CATE_COTX,EG3CAS001,TBEG3008_REGR_CATE_COTX,100,40451,100,40451,1,10,1
EG3CAS001.TBEG3009_CATE_CLIE,EG3CAS001,TBEG3009_CATE_CLIE,100,63382,100,63382,1,7,2
EG3CAS001.TBEG3010_CICL_FINN_CLIE,EG3CAS001,TBEG3010_CICL_FINN_CLIE,100,17791,100,17791,1,23,1
EG3CAS001.TBEG3012_REGR_CATE_RCRE_CLIE,EG3CAS001,TBEG3012_REGR_CATE_RCRE_CLIE,28,8792,28,8792,1,13,1
EG3CAS001.TBEG3013_PREF_CATE_LANC_CRTO,EG3CAS001,TBEG3013_PREF_CATE_LANC_CRTO,100,55990,100,55990,1,8,2
EG3CAS001.TBEG3014_ORCM_CONT_CLIE,EG3CAS001,TBEG3014_ORCM_CONT_CLIE,100,23920,100,23920,1,17,1
EG3CAS001.TBEG3015_CNFG_PARM_GEST_FINN,EG3CAS001,TBEG3015_CNFG_PARM_GEST_FINN,100,32900,100,32900,1,13,1
EM4CAS001.AGENTE,EM4CAS001,AGENTE,1,1253,2,1253,2,4,3
EM4CAS001.CATEGORIA,EM4CAS001,CATEGORIA,100,48448,100,48448,1,9,2
EM4CAS001.CONFIGURATION,EM4CAS001,CONFIGURATION,100,35854,100,35854,1,12,1
EM4CAS001.ENTIDADE,EM4CAS001,ENTIDADE,100,47526,100,47526,1,9,2
EM4CAS001.INTENCAO,EM4CAS001,INTENCAO,100,68385,100,68385,1,6,2
EM4CAS001.INTERACOES,EM4CAS001,INTERACOES,100,154267,200,154267,2,3,4
EM4CAS001.PERMISSAO,EM4CAS001,PERMISSAO,100,30100,100,30100,1,14,1
EM4CAS001.RESPOSTA,EM4CAS001,RESPOSTA,100,70934,100,70934,1,6,2
EM4CAS001.ROUTER_INTERACTION_CONTROL,EM4CAS001,ROUTER_INTERACTION_CONTROL,1,233,1,233,1,18,1
EM4CAS001.SESSION,EM4CAS001,SESSION,1,834,1,834,1,5,2
EM4CAS001.SESSIONBYCLIENT,EM4CAS001,SESSIONBYCLIENT,100,89889,100,89889,1,5,2
EM4CAS001.TBEM4001_ASSN_CTTO_TNNT,EM4CAS001,TBEM4001_ASSN_CTTO_TNNT,100,63269,100,63269,1,7,2
EM4CAS001.TBEM4002_CNFG_IMPL,EM4CAS001,TBEM4002_CNFG_IMPL,100,44445,100,44445,1,9,2
EM4CAS001.TBEM4003_CNFG_TECN,EM4CAS001,TBEM4003_CNFG_TECN,100,40849,100,40849,1,10,1
EM4CAS001.TBEM4004_CTTO_TNNT,EM4CAS001,TBEM4004_CTTO_TNNT,100,48693,100,48693,1,9,2
EM4CAS001.TBEM4005_ORIG_DSTN_VRVL_TNNT,EM4CAS001,TBEM4005_ORIG_DSTN_VRVL_TNNT,100,46957,100,46957,1,9,2
EM4CAS001.TBEM4006_REGR_TNNT,EM4CAS001,TBEM4006_REGR_TNNT,100,62587,100,62587,1,7,2
EM4CAS001.TBEM4007_REGR_TNNT_CTTO,EM4CAS001,TBEM4007_REGR_TNNT_CTTO,100,34400,100,34400,1,12,1
EM4CAS001.TBEM4008_REGR_TNNT_CTTO_ASSN,EM4CAS001,TBEM4008_REGR_TNNT_CTTO_ASSN,100,39500,100,39500,1,11,1
EM4CAS001.TBEM4009_TNNT,EM4CAS001,TBEM4009_TNNT,100,36750,100,36750,1,11,1
EM4CAS001.TBEM4010_VRVL_TNNT,EM4CAS001,TBEM4010_VRVL_TNNT,100,53012,100,53012,1,8,2
EM4CAS001.TBEM4011_AGED_PRSO_TLMA,EM4CAS001,TBEM4011_AGED_PRSO_TLMA,100,43700,100,43700,1,10,1
EM4CAS001.TBEM4012_AMOS_ITRC_CLIE_AGET,EM4CAS001,TBEM4012_AMOS_ITRC_CLIE_AGET,100,114300,200,114300,2,4,3
EM4CAS001.TBEM4013_ATED_CLIE_AGET_DIAR,EM4CAS001,TBEM4013_ATED_CLIE_AGET_DIAR,100,31600,100,31600,1,13,1
EM4CAS001.TBEM4014_ATED_CLIE_AGET_MNSL,EM4CAS001,TBEM4014_ATED_CLIE_AGET_MNSL,100,31481,100,31481,1,13,1
EM4CAS001.TBEM4015_ATED_CLIE_AGET_SEMN,EM4CAS001,TBEM4015_ATED_CLIE_AGET_SEMN,100,30688,100,30688,1,14,1
EM4CAS001.TBEM4016_ATED_CLIE_CENL,EM4CAS001,TBEM4016_ATED_CLIE_CENL,100,28400,100,28400,1,15,1
EM4CAS001.TBEM4017_CARG_DIA_ATED_CENL,EM4CAS001,TBEM4017_CARG_DIA_ATED_CENL,100,23800,100,23800,1,17,1
EM4CAS001.TBEM4018_CLIE_ATND_CENL,EM4CAS001,TBEM4018_CLIE_ATND_CENL,100,20700,100,20700,1,20,1
EM4CAS001.TBEM4019_CLIE_DIAR,EM4CAS001,TBEM4019_CLIE_DIAR,1,354,1,354,1,12,1
EM4CAS001.TBEM4020_CLIE_MNSL,EM4CAS001,TBEM4020_CLIE_MNSL,1,336,1,336,1,12,1
EM4CAS001.TBEM4021_CLIE_SEMN,EM4CAS001,TBEM4021_CLIE_SEMN,1,354,1,354,1,12,1
EM4CAS001.TBEM4022_CLQE_CLIE_LINK,EM4CAS001,TBEM4022_CLQE_CLIE_LINK,100,58400,100,58400,1,7,2
EM4CAS001.TBEM4023_CLQE_CLIE_LINK_MNSL,EM4CAS001,TBEM4023_CLQE_CLIE_LINK_MNSL,1,536,1,536,1,8,2
EM4CAS001.TBEM4024_CLQE_CLIE_LINK_SEMN,EM4CAS001,TBEM4024_CLQE_CLIE_LINK_SEMN,1,555,1,555,1,8,2
EM4CAS001.TBEM4025_CTUD_PERF_CTTO,EM4CAS001,TBEM4025_CTUD_PERF_CTTO,100,17100,100,17100,1,24,1
EM4CAS001.TBEM4026_CVSA_CLIE_AGET_DIAR,EM4CAS001,TBEM4026_CVSA_CLIE_AGET_DIAR,1,543,1,543,1,8,2
EM4CAS001.TBEM4027_CVSA_CLIE_AGET_HORR,EM4CAS001,TBEM4027_CVSA_CLIE_AGET_HORR,1,571,1,571,1,8,2
EM4CAS001.TBEM4028_CVSA_CLIE_AGET_MNSL,EM4CAS001,TBEM4028_CVSA_CLIE_AGET_MNSL,1,529,1,529,1,8,2
EM4CAS001.TBEM4029_CVSA_CLIE_AGET_SEMN,EM4CAS001,TBEM4029_CVSA_CLIE_AGET_SEMN,1,547,1,547,1,8,2
EM4CAS001.TBEM4030_DADO_TREI_AGET_VIRT,EM4CAS001,TBEM4030_DADO_TREI_AGET_VIRT,100,17100,100,17100,1,24,1
EM4CAS001.TBEM4031_FASO_POSV_ITRC,EM4CAS001,TBEM4031_FASO_POSV_ITRC,100,61911,100,61911,1,7,2
EM4CAS001.TBEM4032_FDBK_CLIE_CVSA,EM4CAS001,TBEM4032_FDBK_CLIE_CVSA,100,57124,100,57124,1,8,2
EM4CAS001.TBEM4033_FDBK_CLIE_CVSA_DIAR,EM4CAS001,TBEM4033_FDBK_CLIE_CVSA_DIAR,1,795,1,795,1,6,2
EM4CAS001.TBEM4034_FDBK_CLIE_CVSA_MNSL,EM4CAS001,TBEM4034_FDBK_CLIE_CVSA_MNSL,1,784,1,784,1,6,2
EM4CAS001.TBEM4035_FDBK_CLIE_CVSA_SEMN,EM4CAS001,TBEM4035_FDBK_CLIE_CVSA_SEMN,1,801,1,801,1,5,2
EM4CAS001.TBEM4036_ITRC_AMOS,EM4CAS001,TBEM4036_ITRC_AMOS,100,114268,200,114268,2,4,3
EM4CAS001.TBEM4037_ITRC_CATE_MNSL,EM4CAS001,TBEM4037_ITRC_CATE_MNSL,1,456,1,456,1,9,2
EM4CAS001.TBEM4038_ITRC_CATE_SEMN,EM4CAS001,TBEM4038_ITRC_CATE_SEMN,1,475,1,475,1,9,2
EM4CAS001.TBEM4039_ITRC_CLIE_AGET_DIAR,EM4CAS001,TBEM4039_ITRC_CLIE_AGET_DIAR,1,475,1,475,1,9,2
EM4CAS001.TBEM4040_ITRC_CLIE_AGET_HORR,EM4CAS001,TBEM4040_ITRC_CLIE_AGET_HORR,1,504,1,504,1,8,2
EM4CAS001.TBEM4041_ITRC_CLIE_AGET_MNSL,EM4CAS001,TBEM4041_ITRC_CLIE_AGET_MNSL,1,462,1,462,1,9,2
EM4CAS001.TBEM4042_ITRC_CLIE_AGET_SEMN,EM4CAS001,TBEM4042_ITRC_CLIE_AGET_SEMN,1,480,1,480,1,9,2
EM4CAS001.TBEM4043_ITRC_CLIE_MNSL,EM4CAS001,TBEM4043_ITRC_CLIE_MNSL,1,559,1,559,1,8,2
EM4CAS001.TBEM4044_ITRC_CLIE_SEMN,EM4CAS001,TBEM4044_ITRC_CLIE_SEMN,1,575,1,575,1,7,2
EM4CAS001.TBEM4045_LOG_SITU_TREI_AGET,EM4CAS001,TBEM4045_LOG_SITU_TREI_AGET,100,44700,100,44700,1,9,2
EM4CAS001.TBEM4046_PRSO_INFO_TLMA,EM4CAS001,TBEM4046_PRSO_INFO_TLMA,100,302100,300,302100,3,2,5
EM4CAS001.TBEM4047_TEMP_RSPA_DIAR_EVEN,EM4CAS001,TBEM4047_TEMP_RSPA_DIAR_EVEN,1,759,1,759,1,6,2
EM4CAS001.TBEM4048_TEMP_RSPA_HORR_EVEN,EM4CAS001,TBEM4048_TEMP_RSPA_HORR_EVEN,1,786,1,786,1,6,2
EM4CAS001.TBEM4049_TEMP_RSPA_SEMN_EVEN,EM4CAS001,TBEM4049_TEMP_RSPA_SEMN_EVEN,1,764,1,764,1,6,2
EM4CAS001.TBEM4050_TREI_AGET_VIRT,EM4CAS001,TBEM4050_TREI_AGET_VIRT,100,78000,100,78000,1,6,2
EM4CAS001.TBEM4051_TRNO_CVSA_ATED_HUMA,EM4CAS001,TBEM4051_TRNO_CVSA_ATED_HUMA,100,70948,100,70948,1,6,2
EM4CAS001.TBEM4052_TRNO_CVSA_DIAR,EM4CAS001,TBEM4052_TRNO_CVSA_DIAR,1,470,1,470,1,9,2
EM4CAS001.TBEM4053_TRNO_CVSA_HORR,EM4CAS001,TBEM4053_TRNO_CVSA_HORR,1,499,1,499,1,9,2
EM4CAS001.TBEM4054_TRNO_CVSA_MNSL,EM4CAS001,TBEM4054_TRNO_CVSA_MNSL,1,456,1,456,1,9,2
EM4CAS001.TBEM4055_TRNO_CVSA_SEMN,EM4CAS001,TBEM4055_TRNO_CVSA_SEMN,1,475,1,475,1,9,2
EM4CAS001.TBEM4056_CVSA_SESS_CLIE_AGET,EM4CAS001,TBEM4056_CVSA_SESS_CLIE_AGET,100,96775,100,96775,1,5,2
EM4CAS001.TBEM4057_CTRL_ITRC,EM4CAS001,TBEM4057_CTRL_ITRC,100,26595,100,26595,1,16,1
EM4CAS001.TBEM4058_ANAL_RETO_AGET_ACAO,EM4CAS001,TBEM4058_ANAL_RETO_AGET_ACAO,100,95100,100,95100,1,5,2
EM4CAS001.TBEM4059_CTRL_CVSA_SESS_CLIE,EM4CAS001,TBEM4059_CTRL_CVSA_SESS_CLIE,100,104829,200,104829,2,4,3
EM4CAS001.TBEM4060_HIST_CTRL_ITRC,EM4CAS001,TBEM4060_HIST_CTRL_ITRC,100,32692,100,32692,1,13,1
EM4CAS001.TBEM4061_REGR_TNNT_HIST,EM4CAS001,TBEM4061_REGR_TNNT_HIST,100,59281,100,59281,1,7,2
EM4CAS001.TBEM4062_ABOR_ASST_VIRT,EM4CAS001,TBEM4062_ABOR_ASST_VIRT,100,54182,100,54182,1,8,2
EM4CAS001.TBEM4063_EVEN_ASST_VIRT,EM4CAS001,TBEM4063_EVEN_ASST_VIRT,100,38600,100,38600,1,11,1
EM4CAS001.TBEM4122_SESS_CLIE_ASST_VIRT,EM4CAS001,TBEM4122_SESS_CLIE_ASST_VIRT,100,101034,100,101034,1,4,3
EM4CAS001.TENANTS,EM4CAS001,TENANTS,100,37400,100,37400,1,11,1
EM4CAS001.TREINAMENTO_POR_ID_MODELO,EM4CAS001,TREINAMENTO_POR_ID_MODELO,100,45900,100,45900,1,9,2
EM4CAS001.TREINAMENTO_PRODUCAO,EM4CAS001,TREINAMENTO_PRODUCAO,100,45400,100,45400,1,9,2
EM4CAS001.USUARIO,EM4CAS001,USUARIO,100,41750,100,41750,1,10,1
EP9CAS001.TBEP9001_CNFG_COBR_BENF,EP9CAS001,TBEP9001_CNFG_COBR_BENF,1,2316,3,2316,3,2,5
EP9CAS002.TBEP9002_CNFG_PILO_COBR_CONT,EP9CAS002,TBEP9002_CNFG_PILO_COBR_CONT,100,34800,100,34800,1,12,1
EP9CAS002.TBEP9162_ETTG_PILO_PLAT_CASH,EP9CAS002,TBEP9162_ETTG_PILO_PLAT_CASH,100,54400,100,54400,1,8,2
EP9CAS002.TBEP9163_PUBI_PILO_PLAT_CASH,EP9CAS002,TBEP9163_PUBI_PILO_PLAT_CASH,100,44500,100,44500,1,9,2
EP9CAS006.TBEP9428_ARQU_RETO_DEAT,EP9CAS006,TBEP9428_ARQU_RETO_DEAT,100,108790,200,108790,2,4,3
EP9CAS006.TBEP9483_ARQU_RETO_EMPR_DEAT,EP9CAS006,TBEP9483_ARQU_RETO_EMPR_DEAT,100,20900,100,20900,1,20,1
EP9CAS006.TBEP9484_ARQU_RETO_SOLI_DEAT,EP9CAS006,TBEP9484_ARQU_RETO_SOLI_DEAT,100,107485,200,107485,2,4,3
EP9CAS006.TBEP9485_ARQU_RETO_DEAT,EP9CAS006,TBEP9485_ARQU_RETO_DEAT,100,110475,200,110475,2,4,3
EQ3CAS001.TBEQ3006_PESS,EQ3CAS001,TBEQ3006_PESS,1,1134,2,1134,2,4,3
EQ3CAS001.TBEQ3007_RLMT_PESS,EQ3CAS001,TBEQ3007_RLMT_PESS,100,28691,100,28691,1,14,1
EQ3CAS001.TBEQ3009_GERA_IDEF_PESS,EQ3CAS001,TBEQ3009_GERA_IDEF_PESS,100,24700,100,24700,1,17,1
EQ3CAS001.TBEQ3010_IDEF_PESS_DOCM_CADA,EQ3CAS001,TBEQ3010_IDEF_PESS_DOCM_CADA,100,25200,100,25200,1,16,1
EQ3CAS002.TBEQ3011_PESS_TMPR,EQ3CAS002,TBEQ3011_PESS_TMPR,1,1233,2,1233,2,4,3
EQ3CAS002.TBEQ3012_RLMT_PESS_TMPR,EQ3CAS002,TBEQ3012_RLMT_PESS_TMPR,100,31487,100,31487,1,13,1
EQ3CAS003.TBEQ3015_PESS,EQ3CAS003,TBEQ3015_PESS,1,1152,2,1152,2,4,3
EQ3CAS003.TBEQ3016_RLMT_PESS,EQ3CAS003,TBEQ3016_RLMT_PESS,100,36593,100,36593,1,11,1
EQ3CAS003.TBEQ3017_PESS_HIST,EQ3CAS003,TBEQ3017_PESS_HIST,1,1158,2,1158,2,4,3
ER6CAS001.TBER6001_ATUI_SALD,ER6CAS001,TBER6001_ATUI_SALD,100,43773,100,43773,1,10,1
ER6CAS001.TBER6002_CONT_GERA_ARQU,ER6CAS001,TBER6002_CONT_GERA_ARQU,100,36661,100,36661,1,11,1
ER6CAS001.TBER6003_SIST_ATUI_SALD_AUTA,ER6CAS001,TBER6003_SIST_ATUI_SALD_AUTA,100,40667,100,40667,1,10,1
ER6CAS001.TBER6021_CTRL_ATUI_SALD,ER6CAS001,TBER6021_CTRL_ATUI_SALD,100,35662,100,35662,1,12,1
EZ8CAS001.TBEZ8001_FORL_PRPT,EZ8CAS001,TBEZ8001_FORL_PRPT,100,54700,100,54700,1,8,2
EZ8CAS001.TBEZ8002_FORL_PRPT_PNDT_ENVO,EZ8CAS001,TBEZ8002_FORL_PRPT_PNDT_ENVO,100,16400,100,16400,1,25,1
EZ8CAS001.TBEZ8003_FORN_FORL,EZ8CAS001,TBEZ8003_FORN_FORL,100,33019,100,33019,1,13,1
EZ8CAS001.TBEZ8004_LOG_FORL_PRPT,EZ8CAS001,TBEZ8004_LOG_FORL_PRPT,100,50900,100,50900,1,8,2
EZ8CAS001.TBEZ8005_LOG_FORL_PRPT_STAT,EZ8CAS001,TBEZ8005_LOG_FORL_PRPT_STAT,100,54900,100,54900,1,8,2
EZ8CAS001.TBEZ8006_LOG_FORN_FORL,EZ8CAS001,TBEZ8006_LOG_FORN_FORL,100,42021,100,42021,1,10,1
EZ8CAS001.TBEZ8007_PARM_FORL,EZ8CAS001,TBEZ8007_PARM_FORL,100,32800,100,32800,1,13,1
EZ8CAS001.TBEZ8019_TIPO_DOMN_CONT,EZ8CAS001,TBEZ8019_TIPO_DOMN_CONT,100,17100,100,17100,1,24,1
GECAS001.TBGE001_LOG_OFRT_PADR_CRTO,GECAS001,TBGE001_LOG_OFRT_PADR_CRTO,100,42100,100,42100,1,10,1
GECAS001.TBGE002_OFRT_PADR_CRTO,GECAS001,TBGE002_OFRT_PADR_CRTO,100,21000,100,21000,1,20,1
HWCAS001.TBHW001_CSLT_ENDE_PJUR_BRAU,HWCAS001,TBHW001_CSLT_ENDE_PJUR_BRAU,100,100782,100,100782,1,4,3
HWCAS001.TBHW002_CSLT_EMAI_PJUR,HWCAS001,TBHW002_CSLT_EMAI_PJUR,100,92183,100,92183,1,5,2
HWCAS001.TBHW003_CSLT_TEL_PJUR_BRAU,HWCAS001,TBHW003_CSLT_TEL_PJUR_BRAU,100,100335,100,100335,1,4,3
HWCAS001.TBHW004_CSLT_CADA_PJUR_BRAU,HWCAS001,TBHW004_CSLT_CADA_PJUR_BRAU,100,130595,200,130595,2,4,3
HWCAS001.TBHW005_CSLT_CADA_PJUR_RCTF,HWCAS001,TBHW005_CSLT_CADA_PJUR_RCTF,100,188197,200,188197,2,3,4
HWCAS001.TBHW006_CTRL_PSST_BTCH,HWCAS001,TBHW006_CTRL_PSST_BTCH,100,31871,100,31871,1,13,1
HWCAS001.TBHW007_CSLT_MCRL_PFIS,HWCAS001,TBHW007_CSLT_MCRL_PFIS,100,17287,100,17287,1,24,1
HWCAS001.TBHW008_CSLT_DADO_SCIO_EMPR,HWCAS001,TBHW008_CSLT_DADO_SCIO_EMPR,100,71051,100,71051,1,6,2
HWCAS001.TBHW009_CSLT_CADA_PFIS_BRAU,HWCAS001,TBHW009_CSLT_CADA_PFIS_BRAU,100,60114,100,60114,1,7,2
HWCAS001.TBHW010_CSLT_CADA_PFIS_RCTF,HWCAS001,TBHW010_CSLT_CADA_PFIS_RCTF,100,115860,200,115860,2,4,3
HWCAS001.TBHW011_CSLT_EMAI_PFIS,HWCAS001,TBHW011_CSLT_EMAI_PFIS,100,91981,100,91981,1,5,2
HWCAS001.TBHW012_CSLT_ENDE_PFIS_BRAU,HWCAS001,TBHW012_CSLT_ENDE_PFIS_BRAU,100,100618,100,100618,1,4,3
HWCAS001.TBHW013_CSLT_TEL_PFIS_BRAU,HWCAS001,TBHW013_CSLT_TEL_PFIS_BRAU,100,107596,200,107596,2,4,3
HWCAS001.TBHW028_CSLT_SCIO_RCTF,HWCAS001,TBHW028_CSLT_SCIO_RCTF,100,39167,100,39167,1,11,1
SD9CAS001.TBSD9001_CADA_ROTR_JORN_CLIE,SD9CAS001,TBSD9001_CADA_ROTR_JORN_CLIE,100,40600,100,40600,1,10,1
SD9CAS001.TBSD9002_SESS_CLIE_ASST_VIRT,SD9CAS001,TBSD9002_SESS_CLIE_ASST_VIRT,100,78600,100,78600,1,6,2
SD9CAS001.TBSD9003_CNFG_ROTE_AMBI_ATIV,SD9CAS001,TBSD9003_CNFG_ROTE_AMBI_ATIV,100,37600,100,37600,1,11,1
SD9CAS001.TBSD9004_EXEO_ROTR_SESS_CLIE,SD9CAS001,TBSD9004_EXEO_ROTR_SESS_CLIE,100,107952,200,107952,2,4,3
SD9CAS001.TBSD9005_DEFI_LIST_ATII_ROTR,SD9CAS001,TBSD9005_DEFI_LIST_ATII_ROTR,100,154391,200,154391,2,3,4
SD9CAS001.TBSD9006_ITRC_CLIE_EXEO_ROTR,SD9CAS001,TBSD9006_ITRC_CLIE_EXEO_ROTR,100,66000,100,66000,1,7,2
SD9CAS001.TBSD9007_CNFG_ATII_ROTR_JORN,SD9CAS001,TBSD9007_CNFG_ATII_ROTR_JORN,1,908,1,908,1,5,2
SD9CAS001.TBSD9008_EXEO_ATII_ROTR_JORN,SD9CAS001,TBSD9008_EXEO_ATII_ROTR_JORN,100,100044,100,100044,1,4,3
SD9CAS001.TBSD9009_RESU_EXEO_ATII_ROTR,SD9CAS001,TBSD9009_RESU_EXEO_ATII_ROTR,100,66100,100,66100,1,7,2
SD9CAS001.TBSD9010_TOTL_EXEO_ROTR,SD9CAS001,TBSD9010_TOTL_EXEO_ROTR,100,33133,100,33133,1,13,1
SD9CAS001.TBSD9011_TOTL_EXEO_PRDO,SD9CAS001,TBSD9011_TOTL_EXEO_PRDO,100,41144,100,41144,1,10,1
SD9CAS001.TBSD9012_TOTL_EXEO_FLUX_ROTR,SD9CAS001,TBSD9012_TOTL_EXEO_FLUX_ROTR,100,52251,100,52251,1,8,2
SD9CAS001.TBSD9013_TOTL_EXEO_FLUX_PRDO,SD9CAS001,TBSD9013_TOTL_EXEO_FLUX_PRDO,100,51819,100,51819,1,8,2
SD9CAS001.TBSD9014_TOTL_EXEO_TRIO_ASST,SD9CAS001,TBSD9014_TOTL_EXEO_TRIO_ASST,100,56430,100,56430,1,8,2
SD9CAS001.TBSD9015_TOTL_EXEO_TRIO_PRDO,SD9CAS001,TBSD9015_TOTL_EXEO_TRIO_PRDO,100,60635,100,60635,1,7,2
SD9CAS001.TBSD9016_TOTL_EXEO_TRIO_ROTR,SD9CAS001,TBSD9016_TOTL_EXEO_TRIO_ROTR,100,66639,100,66639,1,7,2
SD9CAS001.TBSD9017_TOTL_PRDO_TRIO_ROTR,SD9CAS001,TBSD9017_TOTL_PRDO_TRIO_ROTR,100,70833,100,70833,1,6,2
SD9CAS001.TBSD9018_TOTL_EXEO_CLIE,SD9CAS001,TBSD9018_TOTL_EXEO_CLIE,100,35312,100,35312,1,12,1
SD9CAS001.TBSD9019_TOTL_CLIE_PRDO,SD9CAS001,TBSD9019_TOTL_CLIE_PRDO,100,44118,100,44118,1,10,1
SD9CAS001.TBSD9020_TOTL_CLIE_TRIO,SD9CAS001,TBSD9020_TOTL_CLIE_TRIO,100,58908,100,58908,1,7,2
SD9CAS001.TBSD9021_TOTL_PRDO_CLIE_TRIO,SD9CAS001,TBSD9021_TOTL_PRDO_CLIE_TRIO,100,63612,100,63612,1,7,2
SD9CAS001.TBSD9022_MONI_ATII_NEGO_JORN,SD9CAS001,TBSD9022_MONI_ATII_NEGO_JORN,100,145493,200,145493,2,3,4
SD9CAS001.TBSD9023_CNFG_MENS_ALER_SIST,SD9CAS001,TBSD9023_CNFG_MENS_ALER_SIST,100,26400,100,26400,1,16,1
SD9CAS001.TBSD9024_LOG_VERS_ROTR,SD9CAS001,TBSD9024_LOG_VERS_ROTR,100,36091,100,36091,1,12,1
STRESS.TEST_COUNTER1,STRESS,TEST_COUNTER1,1,1267,2,1267,2,4,3
STRESS.TEST_STANDARD1,STRESS,TEST_STANDARD1,100,619000,700,619000,7,1,10
SUCAS001.TBSU001_LOG_OFRT_PADR_CESP,SUCAS001,TBSU001_LOG_OFRT_PADR_CESP,200,85000,200,85000,1,10,1
SUCAS001.TBSU002_OFRT_PADR_CESP,SUCAS001,TBSU002_OFRT_PADR_CESP,200,42000,200,42000,1,20,1
SUCAS001.TBSU003_CANA_FORL_CESP,SUCAS001,TBSU003_CANA_FORL_CESP,200,43300,200,43300,1,19,1
SUCAS001.TBSU004_MEIO_FORL_PROD_ROTT,SUCAS001,TBSU004_MEIO_FORL_PROD_ROTT,200,48572,200,48572,1,17,1
SUCAS001.TBSU005_PARM_OFRT_PROD_ROTT,SUCAS001,TBSU005_PARM_OFRT_PROD_ROTT,200,41200,200,41200,1,20,1
SUCAS001.TBSU027_PSST_EFET_CESP,SUCAS001,TBSU027_PSST_EFET_CESP,100,31200,100,31200,1,13,1
SUCAS001.TBSU027_PSST_EFET_CESP_FORL,SUCAS001,TBSU027_PSST_EFET_CESP_FORL,100,31700,100,31700,1,13,1
SUCAS001.TBSU073_PSST_EFET_CESP,SUCAS001,TBSU073_PSST_EFET_CESP,100,30700,100,30700,1,14,1
SUCAS002.TBSU008_DETL_SOLI_PRDE_ROTT,SUCAS002,TBSU008_DETL_SOLI_PRDE_ROTT,100,159264,200,159264,2,3,4
SUCAS002.TBSU009_SOLI_PRDE_ROTT,SUCAS002,TBSU009_SOLI_PRDE_ROTT,100,55218,100,55218,1,8,2
SUCAS002.TBSU013_HIST_ENVO_PRDE_ROTT,SUCAS002,TBSU013_HIST_ENVO_PRDE_ROTT,100,46200,100,46200,1,9,2
SUCAS002.TBSU014_RETO_PRDE_ROTT_RCSD,SUCAS002,TBSU014_RETO_PRDE_ROTT_RCSD,100,78522,100,78522,1,6,2
SUCAS003.TBSU010_DETL_LIQU_PRDE_ROTT,SUCAS003,TBSU010_DETL_LIQU_PRDE_ROTT,100,135570,200,135570,2,3,4
SUCAS003.TBSU011_LIQU_PRDE_ROTT_AGEN,SUCAS003,TBSU011_LIQU_PRDE_ROTT_AGEN,100,39200,100,39200,1,11,1
SUCAS003.TBSU012_LIQU_PRDE_ROTT_CONT,SUCAS003,TBSU012_LIQU_PRDE_ROTT_CONT,100,21900,100,21900,1,19,1
SUCAS003.TBSU028_HIST_LIQU_PRDE_ROTT,SUCAS003,TBSU028_HIST_LIQU_PRDE_ROTT,100,111843,200,111843,2,4,3
SUCAS007.TBSU025_PSST_EFET_CESP,SUCAS007,TBSU025_PSST_EFET_CESP,100,19587,100,19587,1,21,1
SUCAS007.TBSU026_SITU_EFET_CESP,SUCAS007,TBSU026_SITU_EFET_CESP,100,203020,200,203020,2,2,5
SUCAS007.TBSU030_SIMU_TRNO_CESP,SUCAS007,TBSU030_SIMU_TRNO_CESP,100,15293,100,15293,1,27,1
SUCAS007.TBSU032_HIST_CESP_EFEI,SUCAS007,TBSU032_HIST_CESP_EFEI,100,43500,100,43500,1,10,1
VH1CAS001.TBVH1016_PGTO_CRTO_CRED,VH1CAS001,TBVH1016_PGTO_CRTO_CRED,100,170166,200,170166,2,3,4
VQ1CAS001.TBVQ023_FATU_RSUM_CRTO,VQ1CAS001,TBVQ023_FATU_RSUM_CRTO,100,69642,100,69642,1,6,2
VQ1CAS001.TBVQ1024_FORL_RMTO_GRDE_CRTO,VQ1CAS001,TBVQ1024_FORL_RMTO_GRDE_CRTO,100,195434,200,195434,2,3,4
VQ1CAS001.TBVQ1025_INFO_ADIC_FORL_GRDE,VQ1CAS001,TBVQ1025_INFO_ADIC_FORL_GRDE,100,23188,100,23188,1,18,1
VQ1CAS002.TBVQ1027_EVEN_FATU_CCRE,VQ1CAS002,TBVQ1027_EVEN_FATU_CCRE,100,102161,100,102161,1,4,3
VQ1CAS003.TBVQ0028_TRAN_CCRE_PRDO,VQ1CAS003,TBVQ0028_TRAN_CCRE_PRDO,100,119544,200,119544,2,4,3
VQ1CAS004.TBVQ030_DETL_INFO_CCRE,VQ1CAS004,TBVQ030_DETL_INFO_CCRE,100,100043,100,100043,1,4,3
VQ1CAS005.TBVQ031_CRED_FATU_CCRE,VQ1CAS005,TBVQ031_CRED_FATU_CCRE,100,41603,100,41603,1,10,1
VQ1CAS005.TBVQ032_ENCR_SERV_FATU_CCRE,VQ1CAS005,TBVQ032_ENCR_SERV_FATU_CCRE,100,47734,100,47734,1,9,2
VQ1CAS005.TBVQ033_FATU_CCRE_CPTO,VQ1CAS005,TBVQ033_FATU_CCRE_CPTO,1,6295,7,6295,7,1,10
VQ1CAS005.TBVQ034_LANC_FATU_CCRE,VQ1CAS005,TBVQ034_LANC_FATU_CCRE,100,97488,100,97488,1,5,2
VQ1CAS005.TBVQ035_PGTO_PORD_FATU_CCRE,VQ1CAS005,TBVQ035_PGTO_PORD_FATU_CCRE,100,88050,100,88050,1,5,2
VQ1CAS005.TBVQ045_CRED_FATU_ABER_CCRE,VQ1CAS005,TBVQ045_CRED_FATU_ABER_CCRE,100,39501,100,39501,1,11,1
VQ1CAS005.TBVQ046_ENCR_SERV_FATU_ABER,VQ1CAS005,TBVQ046_ENCR_SERV_FATU_ABER,100,45115,100,45115,1,9,2
VQ1CAS005.TBVQ047_FATU_ABER_CCRE_CPTO,VQ1CAS005,TBVQ047_FATU_ABER_CCRE_CPTO,1,5905,6,5905,6,1,10
VQ1CAS005.TBVQ048_LANC_FATU_ABER_CCRE,VQ1CAS005,TBVQ048_LANC_FATU_ABER_CCRE,100,103684,200,103684,2,4,3
VQ1CAS005.TBVQ049_PGTO_PORD_FATU_ABER,VQ1CAS005,TBVQ049_PGTO_PORD_FATU_ABER,100,137952,200,137952,2,3,4
VZ1CAS001.TBVZ001_HIST_AUTE_CRTO,VZ1CAS001,TBVZ001_HIST_AUTE_CRTO,100,28300,100,28300,1,15,1
VZ1CAS001.TBVZ1003_AUTR_CRTO_CRED,VZ1CAS001,TBVZ1003_AUTR_CRTO_CRED,100,190181,200,190181,2,3,4
VZ1CAS001.TBVZ1003_AUTR_CRTO_CRED_TESTE,VZ1CAS001,TBVZ1003_AUTR_CRTO_CRED_TESTE,100,190729,200,190729,2,3,4
VZ1CAS001.TBVZ1004_AUTR_CRTO_CRED_AJUS,VZ1CAS001,TBVZ1004_AUTR_CRTO_CRED_AJUS,100,190666,200,190666,2,3,4
X0CAS001.TBX0007_LANC_CONT,X0CAS001,TBX0007_LANC_CONT,100,58026,100,58026,1,7,2
X0CAS001.TBX0008_MTDO_LDGR,X0CAS001,TBX0008_MTDO_LDGR,100,21300,100,21300,1,19,1
X0CAS001.TBX0010_CONT,X0CAS001,TBX0010_CONT,100,34100,100,34100,1,12,1
X0CAS001.TBX0011_CMDA_ITGR_LIMI_OPEL,X0CAS001,TBX0011_CMDA_ITGR_LIMI_OPEL,100,38193,100,38193,1,11,1
X0CAS001.TBX0012_CMDA_ITGR_SOLI_TEF,X0CAS001,TBX0012_CMDA_ITGR_SOLI_TEF,100,37990,100,37990,1,11,1
X0CAS001.TBX0013_INFO_CONT_CADL,X0CAS001,TBX0013_INFO_CONT_CADL,100,171191,200,171191,2,3,4
X0CAS001.TBX0014_CMDA_ITGR_CMNC,X0CAS001,TBX0014_CMDA_ITGR_CMNC,100,30288,100,30288,1,14,1
X0CAS001.TBX0015_CMDA_ITGR_CPVT,X0CAS001,TBX0015_CMDA_ITGR_CPVT,100,37592,100,37592,1,11,1
X0CAS001.TBX0016_CMDA_ITGR_FRAU,X0CAS001,TBX0016_CMDA_ITGR_FRAU,100,34686,100,34686,1,12,1
X0CAS001.TBX0017_CMDA_ITGR_TEF_SLTD,X0CAS001,TBX0017_CMDA_ITGR_TEF_SLTD,100,37991,100,37991,1,11,1
X0CAS001.TBX0018_CMDA_OPER_CPVT,X0CAS001,TBX0018_CMDA_OPER_CPVT,100,34300,100,34300,1,12,1
X0CAS001.TBX0020_HIST_LIMI_OPEL,X0CAS001,TBX0020_HIST_LIMI_OPEL,100,17800,100,17800,1,23,1
X0CAS001.TBX0021_INFO_CONT_CADL_LGDO,X0CAS001,TBX0021_INFO_CONT_CADL_LGDO,100,174891,200,174891,2,3,4
X0CAS001.TBX0022_JUNC_EVEN,X0CAS001,TBX0022_JUNC_EVEN,100,25000,100,25000,1,16,1
X0CAS001.TBX0024_CMDA_ITGR_SALD_SLTD,X0CAS001,TBX0024_CMDA_ITGR_SALD_SLTD,100,30791,100,30791,1,13,1
X0CAS001.TBX0025_CMDA_ITGR_SOLI_SALD,X0CAS001,TBX0025_CMDA_ITGR_SOLI_SALD,100,30789,100,30789,1,13,1
X0CAS001.TBX0027_INFO_TEF_CANA_TRDR,X0CAS001,TBX0027_INFO_TEF_CANA_TRDR,100,111377,200,111377,2,4,3
X0CAS001.TBX0028_INFO_TRSF_TEF,X0CAS001,TBX0028_INFO_TRSF_TEF,100,128100,200,128100,2,4,3
X0CAS001.TBX0029_CMDA_ITGR_SENH,X0CAS001,TBX0029_CMDA_ITGR_SENH,100,30286,100,30286,1,14,1
X0CAS001.TBX0030_CMDA_OPER_CONT,X0CAS001,TBX0030_CMDA_OPER_CONT,100,40800,100,40800,1,10,1
X0CAS001.TBX0031_CMDA_OPER_CVIV_MOVM,X0CAS001,TBX0031_CMDA_OPER_CVIV_MOVM,100,31100,100,31100,1,13,1
X0CAS001.TBX0032_CMDA_OPER_FRAU,X0CAS001,TBX0032_CMDA_OPER_FRAU,100,30600,100,30600,1,14,1
X0CAS001.TBX0033_CMDA_OPER_LIMI_OPEL,X0CAS001,TBX0033_CMDA_OPER_LIMI_OPEL,100,35300,100,35300,1,12,1
X0CAS001.TBX0034_CMDA_OPER_NOTI,X0CAS001,TBX0034_CMDA_OPER_NOTI,100,30600,100,30600,1,14,1
X0CAS001.TBX0035_CMDA_OPER_SENH,X0CAS001,TBX0035_CMDA_OPER_SENH,100,30600,100,30600,1,14,1
X0CAS001.TBX0037_CMDA_OPER_LDGR,X0CAS001,TBX0037_CMDA_OPER_LDGR,100,30600,100,30600,1,14,1
X0CAS001.TBX0038_TEF_CANA_TRDR,X0CAS001,TBX0038_TEF_CANA_TRDR,100,26500,100,26500,1,16,1
X0CAS001.TBX0041_INFO_CVIV_MOVM,X0CAS001,TBX0041_INFO_CVIV_MOVM,100,87402,100,87402,1,5,2
X0CAS001.TBX0042_CMDA_ITGR_CVIV_BTCH,X0CAS001,TBX0042_CMDA_ITGR_CVIV_BTCH,100,31091,100,31091,1,13,1
X0CAS001.TBX0043_CMDA_OPER_CVIV_BTCH,X0CAS001,TBX0043_CMDA_OPER_CVIV_BTCH,100,31100,100,31100,1,13,1
X0CAS001.TBX0044_CTRL_OPER_CVIV_BTCH,X0CAS001,TBX0044_CTRL_OPER_CVIV_BTCH,100,31700,100,31700,1,13,1
X0CAS001.TBX0046_CMDA_ITGR_CVIV_ONLN,X0CAS001,TBX0046_CMDA_ITGR_CVIV_ONLN,100,27086,100,27086,1,15,1
X0CAS001.TBX0047_CMDA_ITGR_SOLI_RTDR,X0CAS001,TBX0047_CMDA_ITGR_SOLI_RTDR,100,45790,100,45790,1,9,2
X0CAS001.TBX0048_CMDA_ITGR_DEBT_REQU,X0CAS001,TBX0048_CMDA_ITGR_DEBT_REQU,100,30792,100,30792,1,13,1
X0CAS001.TBX0049_CMDA_ITGR_REQU_DEBT,X0CAS001,TBX0049_CMDA_ITGR_REQU_DEBT,100,27089,100,27089,1,15,1
X0CAS001.TBX0050_INFO_SEGR_CHMA,X0CAS001,TBX0050_INFO_SEGR_CHMA,100,50000,100,50000,1,8,2
X0CAS001.TBX0057_CATE_CONT,X0CAS001,TBX0057_CATE_CONT,100,19600,100,19600,1,21,1
X0CAS001.TBX0059_INFO_SALD_CONT,X0CAS001,TBX0059_INFO_SALD_CONT,100,132606,200,132606,2,4,3
X0CAS001.TBX0067_INFO_SALD_NOVO_CONT,X0CAS001,TBX0067_INFO_SALD_NOVO_CONT,1,1612,2,1612,2,3,4
X0CAS001.TBX0083_INFO_EXTT_LANC,X0CAS001,TBX0083_INFO_EXTT_LANC,100,87768,100,87768,1,5,2
X0CAS001.TBX0084_INFO_EXTT_LANC_MTDO,X0CAS001,TBX0084_INFO_EXTT_LANC_MTDO,100,33100,100,33100,1,13,1
X0CAS001.TBX0106_INFO_CADL_CVIV,X0CAS001,TBX0106_INFO_CADL_CVIV,100,24100,100,24100,1,17,1
X0CAS001.TBX0107_INFO_CONT_CADL_CVIV,X0CAS001,TBX0107_INFO_CONT_CADL_CVIV,100,104200,200,104200,2,4,3
X0CAS001.TBX0108_INFO_PESS_CADL_CVIV,X0CAS001,TBX0108_INFO_PESS_CADL_CVIV,100,80287,100,80287,1,5,2
X0CAS001.TBX0109_INFO_SNLR_CADL_CVIV,X0CAS001,TBX0109_INFO_SNLR_CADL_CVIV,100,16800,100,16800,1,24,1
X0CAS001.TBX0119_INFO_EXTT_CONT,X0CAS001,TBX0119_INFO_EXTT_CONT,100,92723,100,92723,1,5,2
X0CAS002.TBX0051_CMDA_ITGR_AUTR_SLTD,X0CAS002,TBX0051_CMDA_ITGR_AUTR_SLTD,100,61489,100,61489,1,7,2
X0CAS002.TBX0052_CMDA_ITGR_SOLI_AUTR,X0CAS002,TBX0052_CMDA_ITGR_SOLI_AUTR,100,61490,100,61490,1,7,2
X0CAS002.TBX0053_CNFG_BADR_CRTO,X0CAS002,TBX0053_CNFG_BADR_CRTO,3,669,3,669,1,18,1
X0CAS002.TBX0054_CTRL_EVEN_AUTR,X0CAS002,TBX0054_CTRL_EVEN_AUTR,100,24500,100,24500,1,17,1
X0CAS002.TBX0055_CTRL_UNIC_AUTR,X0CAS002,TBX0055_CTRL_UNIC_AUTR,100,23088,100,23088,1,18,1
X0CAS002.TBX0056_INFO_TRAN_ENVO_DINH,X0CAS002,TBX0056_INFO_TRAN_ENVO_DINH,100,105909,200,105909,2,4,3
X0CAS002.TBX0058_TRAN_CRTO,X0CAS002,TBX0058_TRAN_CRTO,100,77706,100,77706,1,6,2
X0CAS002.TBX0066_CTRL_UNIC_AUTR_DEBT,X0CAS002,TBX0066_CTRL_UNIC_AUTR_DEBT,100,23586,100,23586,1,17,1
X0CAS002.TBX0068_CMDA_ITGR_VALI_AUTR,X0CAS002,TBX0068_CMDA_ITGR_VALI_AUTR,100,61488,100,61488,1,7,2
X0CAS002.TBX0099_INFO_TRAN_ENVO_DINH,X0CAS002,TBX0099_INFO_TRAN_ENVO_DINH,100,105899,200,105899,2,4,3
X0CAS003.TBX0111_CMDA_ITGR_AUTR_SLTD,X0CAS003,TBX0111_CMDA_ITGR_AUTR_SLTD,100,61483,100,61483,1,7,2
X0CAS003.TBX0112_CMDA_ITGR_SOLI_AUTR,X0CAS003,TBX0112_CMDA_ITGR_SOLI_AUTR,100,61497,100,61497,1,7,2
X0CAS003.TBX0113_CTRL_EVEN_AUTR,X0CAS003,TBX0113_CTRL_EVEN_AUTR,100,24500,100,24500,1,17,1
X0CAS003.TBX0114_CTRL_UNIC_AUTR,X0CAS003,TBX0114_CTRL_UNIC_AUTR,100,23093,100,23093,1,18,1
X0CAS003.TBX0115_INFO_TRAN_ENVO_DINH,X0CAS003,TBX0115_INFO_TRAN_ENVO_DINH,100,107304,200,107304,2,4,3
X0CAS003.TBX0131_CTRL_UNIC_AUTR_SEGC,X0CAS003,TBX0131_CTRL_UNIC_AUTR_SEGC,100,13700,100,13700,1,30,1
X0CAS003.TBX0149_CTRL_REVR_TRAN,X0CAS003,TBX0149_CTRL_REVR_TRAN,100,17800,100,17800,1,23,1
astra.usage_stats,astra,usage_stats,0,0,0,0,NaN,NaN,NaN
astra.usage_stats,astra,usage_stats,0,0,0,0,NaN,NaN,NaN
